"cvoID","voID","memberVO"
"cvoID_2","voID_313","memberVO_1"
"cvoID_2","voID_313","memberVO_2"
"cvoID_2","voID_3275","memberVO_3"
"cvoID_3","voID_4157","memberVO_1"
"cvoID_3","voID_5434","memberVO_2"
"cvoID_3","voID_5426","memberVO_3"
"cvoID_4","voID_3385","memberVO_1"
"cvoID_4","voID_3385","memberVO_2"
"cvoID_4","voID_3385","memberVO_3"
"cvoID_5","voID_7148","memberVO_1"
"cvoID_5","voID_5719","memberVO_2"
"cvoID_5","voID_7148","memberVO_3"
"cvoID_6","voID_6642","memberVO_1"
"cvoID_6","voID_548","memberVO_2"
"cvoID_6","voID_9456","memberVO_3"
"cvoID_7","voID_7200","memberVO_1"
"cvoID_7","voID_7200","memberVO_2"
"cvoID_7","voID_7200","memberVO_3"
"cvoID_8","voID_4634","memberVO_1"
"cvoID_8","voID_3923","memberVO_2"
"cvoID_8","voID_5817","memberVO_3"
"cvoID_9","voID_4266","memberVO_1"
"cvoID_9","voID_7340","memberVO_2"
"cvoID_9","voID_5263","memberVO_3"
"cvoID_10","voID_7306","memberVO_1"
"cvoID_10","voID_5893","memberVO_2"
"cvoID_10","voID_1547","memberVO_3"
"cvoID_11","voID_5175","memberVO_1"
"cvoID_11","voID_6317","memberVO_2"
"cvoID_11","voID_596","memberVO_3"
"cvoID_12","voID_2130","memberVO_1"
"cvoID_12","voID_3359","memberVO_2"
"cvoID_12","voID_8579","memberVO_3"
"cvoID_13","voID_6961","memberVO_1"
"cvoID_13","voID_3181","memberVO_2"
"cvoID_13","voID_1991","memberVO_3"
"cvoID_14","voID_7423","memberVO_1"
"cvoID_14","voID_3971","memberVO_2"
"cvoID_14","voID_3971","memberVO_3"
"cvoID_15","voID_6736","memberVO_1"
"cvoID_15","voID_9780","memberVO_2"
"cvoID_15","voID_6736","memberVO_3"
"cvoID_16","voID_9677","memberVO_1"
"cvoID_16","voID_9609","memberVO_2"
"cvoID_16","voID_5523","memberVO_3"
"cvoID_17","voID_333","memberVO_1"
"cvoID_17","voID_9578","memberVO_2"
"cvoID_17","voID_9076","memberVO_3"
"cvoID_18","voID_4283","memberVO_1"
"cvoID_18","voID_155","memberVO_2"
"cvoID_18","voID_4935","memberVO_3"
"cvoID_19","voID_8291","memberVO_1"
"cvoID_19","voID_8836","memberVO_2"
"cvoID_19","voID_8836","memberVO_3"
"cvoID_20","voID_3956","memberVO_1"
"cvoID_20","voID_4955","memberVO_2"
"cvoID_20","voID_8252","memberVO_3"
"cvoID_21","voID_4887","memberVO_1"
"cvoID_21","voID_9180","memberVO_2"
"cvoID_21","voID_3073","memberVO_3"
"cvoID_22","voID_692","memberVO_1"
"cvoID_22","voID_692","memberVO_2"
"cvoID_22","voID_692","memberVO_3"
"cvoID_23","voID_207","memberVO_1"
"cvoID_23","voID_8271","memberVO_2"
"cvoID_23","voID_3482","memberVO_3"
"cvoID_24","voID_4075","memberVO_1"
"cvoID_24","voID_4075","memberVO_2"
"cvoID_24","voID_8768","memberVO_3"
"cvoID_25","voID_2501","memberVO_1"
"cvoID_25","voID_393","memberVO_2"
"cvoID_25","voID_384","memberVO_3"
"cvoID_26","voID_1263","memberVO_1"
"cvoID_26","voID_7444","memberVO_2"
"cvoID_26","voID_3486","memberVO_3"
"cvoID_27","voID_4800","memberVO_1"
"cvoID_27","voID_2090","memberVO_2"
"cvoID_27","voID_2294","memberVO_3"
"cvoID_28","voID_8098","memberVO_1"
"cvoID_28","voID_2355","memberVO_2"
"cvoID_28","voID_171","memberVO_3"
"cvoID_29","voID_5197","memberVO_1"
"cvoID_29","voID_5197","memberVO_2"
"cvoID_29","voID_9015","memberVO_3"
"cvoID_30","voID_6981","memberVO_1"
"cvoID_30","voID_6981","memberVO_2"
"cvoID_30","voID_6981","memberVO_3"
"cvoID_31","voID_3596","memberVO_1"
"cvoID_31","voID_1597","memberVO_2"
"cvoID_31","voID_6659","memberVO_3"
"cvoID_32","voID_1216","memberVO_1"
"cvoID_32","voID_2558","memberVO_2"
"cvoID_32","voID_2558","memberVO_3"
"cvoID_33","voID_9847","memberVO_1"
"cvoID_33","voID_9847","memberVO_2"
"cvoID_33","voID_9246","memberVO_3"
"cvoID_34","voID_1771","memberVO_1"
"cvoID_34","voID_2534","memberVO_2"
"cvoID_34","voID_2534","memberVO_3"
"cvoID_35","voID_3465","memberVO_1"
"cvoID_35","voID_728","memberVO_2"
"cvoID_35","voID_7185","memberVO_3"
"cvoID_36","voID_8225","memberVO_1"
"cvoID_36","voID_8225","memberVO_2"
"cvoID_36","voID_3631","memberVO_3"
"cvoID_37","voID_4607","memberVO_1"
"cvoID_37","voID_2298","memberVO_2"
"cvoID_37","voID_2298","memberVO_3"
"cvoID_38","voID_8314","memberVO_1"
"cvoID_38","voID_3296","memberVO_2"
"cvoID_38","voID_8217","memberVO_3"
"cvoID_39","voID_1875","memberVO_1"
"cvoID_39","voID_1009","memberVO_2"
"cvoID_39","voID_633","memberVO_3"
"cvoID_40","voID_2381","memberVO_1"
"cvoID_40","voID_4305","memberVO_2"
"cvoID_40","voID_4305","memberVO_3"
"cvoID_41","voID_1102","memberVO_1"
"cvoID_41","voID_8277","memberVO_2"
"cvoID_41","voID_6547","memberVO_3"
"cvoID_42","voID_530","memberVO_1"
"cvoID_42","voID_2260","memberVO_2"
"cvoID_42","voID_530","memberVO_3"
"cvoID_43","voID_303","memberVO_1"
"cvoID_43","voID_2670","memberVO_2"
"cvoID_43","voID_5642","memberVO_3"
"cvoID_44","voID_1097","memberVO_1"
"cvoID_44","voID_3492","memberVO_2"
"cvoID_44","voID_4924","memberVO_3"
"cvoID_45","voID_6015","memberVO_1"
"cvoID_45","voID_4762","memberVO_2"
"cvoID_45","voID_5530","memberVO_3"
"cvoID_46","voID_5921","memberVO_1"
"cvoID_46","voID_5884","memberVO_2"
"cvoID_46","voID_5884","memberVO_3"
"cvoID_47","voID_4413","memberVO_1"
"cvoID_47","voID_4413","memberVO_2"
"cvoID_47","voID_4413","memberVO_3"
"cvoID_48","voID_6069","memberVO_1"
"cvoID_48","voID_2312","memberVO_2"
"cvoID_48","voID_2769","memberVO_3"
"cvoID_49","voID_812","memberVO_1"
"cvoID_49","voID_812","memberVO_2"
"cvoID_49","voID_750","memberVO_3"
"cvoID_50","voID_7372","memberVO_1"
"cvoID_50","voID_2266","memberVO_2"
"cvoID_50","voID_4944","memberVO_3"
"cvoID_51","voID_608","memberVO_1"
"cvoID_51","voID_608","memberVO_2"
"cvoID_51","voID_608","memberVO_3"
"cvoID_52","voID_2350","memberVO_1"
"cvoID_52","voID_2350","memberVO_2"
"cvoID_52","voID_6676","memberVO_3"
"cvoID_53","voID_4240","memberVO_1"
"cvoID_53","voID_2461","memberVO_2"
"cvoID_53","voID_5672","memberVO_3"
"cvoID_54","voID_4018","memberVO_1"
"cvoID_54","voID_8107","memberVO_2"
"cvoID_54","voID_8107","memberVO_3"
"cvoID_55","voID_3389","memberVO_1"
"cvoID_55","voID_5406","memberVO_2"
"cvoID_55","voID_6390","memberVO_3"
"cvoID_56","voID_9723","memberVO_1"
"cvoID_56","voID_9742","memberVO_2"
"cvoID_56","voID_9742","memberVO_3"
"cvoID_57","voID_4243","memberVO_1"
"cvoID_57","voID_230","memberVO_2"
"cvoID_57","voID_230","memberVO_3"
"cvoID_58","voID_3710","memberVO_1"
"cvoID_58","voID_5392","memberVO_2"
"cvoID_58","voID_4952","memberVO_3"
"cvoID_59","voID_4947","memberVO_1"
"cvoID_59","voID_4947","memberVO_2"
"cvoID_59","voID_5017","memberVO_3"
"cvoID_60","voID_4514","memberVO_1"
"cvoID_60","voID_141","memberVO_2"
"cvoID_60","voID_7005","memberVO_3"
"cvoID_61","voID_4956","memberVO_1"
"cvoID_61","voID_3454","memberVO_2"
"cvoID_61","voID_7044","memberVO_3"
"cvoID_62","voID_5147","memberVO_1"
"cvoID_62","voID_3624","memberVO_2"
"cvoID_62","voID_3072","memberVO_3"
"cvoID_63","voID_7557","memberVO_1"
"cvoID_63","voID_8068","memberVO_2"
"cvoID_63","voID_4798","memberVO_3"
"cvoID_64","voID_9643","memberVO_1"
"cvoID_64","voID_4931","memberVO_2"
"cvoID_64","voID_3375","memberVO_3"
"cvoID_65","voID_3911","memberVO_1"
"cvoID_65","voID_9144","memberVO_2"
"cvoID_65","voID_1891","memberVO_3"
"cvoID_66","voID_7682","memberVO_1"
"cvoID_66","voID_2348","memberVO_2"
"cvoID_66","voID_8129","memberVO_3"
"cvoID_67","voID_9058","memberVO_1"
"cvoID_67","voID_9058","memberVO_2"
"cvoID_67","voID_9058","memberVO_3"
"cvoID_68","voID_6212","memberVO_1"
"cvoID_68","voID_9375","memberVO_2"
"cvoID_68","voID_6212","memberVO_3"
"cvoID_69","voID_7596","memberVO_1"
"cvoID_69","voID_8414","memberVO_2"
"cvoID_69","voID_4211","memberVO_3"
"cvoID_70","voID_747","memberVO_1"
"cvoID_70","voID_747","memberVO_2"
"cvoID_70","voID_747","memberVO_3"
"cvoID_71","voID_4692","memberVO_1"
"cvoID_71","voID_8459","memberVO_2"
"cvoID_71","voID_4692","memberVO_3"
"cvoID_72","voID_1120","memberVO_1"
"cvoID_72","voID_3501","memberVO_2"
"cvoID_72","voID_8858","memberVO_3"
"cvoID_73","voID_4737","memberVO_1"
"cvoID_73","voID_8413","memberVO_2"
"cvoID_73","voID_6673","memberVO_3"
"cvoID_74","voID_7187","memberVO_1"
"cvoID_74","voID_7617","memberVO_2"
"cvoID_74","voID_1905","memberVO_3"
"cvoID_75","voID_3626","memberVO_1"
"cvoID_75","voID_9386","memberVO_2"
"cvoID_75","voID_8115","memberVO_3"
"cvoID_76","voID_3523","memberVO_1"
"cvoID_76","voID_3523","memberVO_2"
"cvoID_76","voID_3523","memberVO_3"
"cvoID_77","voID_3471","memberVO_1"
"cvoID_77","voID_3471","memberVO_2"
"cvoID_77","voID_3798","memberVO_3"
"cvoID_78","voID_5096","memberVO_1"
"cvoID_78","voID_7714","memberVO_2"
"cvoID_78","voID_3060","memberVO_3"
"cvoID_79","voID_2716","memberVO_1"
"cvoID_79","voID_2716","memberVO_2"
"cvoID_79","voID_6749","memberVO_3"
"cvoID_80","voID_2110","memberVO_1"
"cvoID_80","voID_4845","memberVO_2"
"cvoID_80","voID_8971","memberVO_3"
"cvoID_81","voID_5141","memberVO_1"
"cvoID_81","voID_1558","memberVO_2"
"cvoID_81","voID_5141","memberVO_3"
"cvoID_82","voID_4827","memberVO_1"
"cvoID_82","voID_7643","memberVO_2"
"cvoID_82","voID_6943","memberVO_3"
"cvoID_83","voID_9631","memberVO_1"
"cvoID_83","voID_7150","memberVO_2"
"cvoID_83","voID_9631","memberVO_3"
