"cvoID","voID","memberVO"
"cvoID_2","voID_313","memberVO_1"
"cvoID_2","voID_313","memberVO_2"
"cvoID_2","voID_3275","memberVO_3"
"cvoID_3","voID_4157","memberVO_1"
"cvoID_3","voID_5434","memberVO_2"
"cvoID_3","voID_5426","memberVO_3"
"cvoID_4","voID_3385","memberVO_1"
"cvoID_4","voID_3385","memberVO_2"
"cvoID_4","voID_3385","memberVO_3"
"cvoID_5","voID_7148","memberVO_1"
"cvoID_5","voID_5719","memberVO_2"
"cvoID_5","voID_7148","memberVO_3"
"cvoID_6","voID_6642","memberVO_1"
"cvoID_6","voID_548","memberVO_2"
"cvoID_6","voID_9456","memberVO_3"
"cvoID_7","voID_7200","memberVO_1"
"cvoID_7","voID_7200","memberVO_2"
"cvoID_7","voID_7200","memberVO_3"
"cvoID_8","voID_4634","memberVO_1"
"cvoID_8","voID_3923","memberVO_2"
"cvoID_8","voID_5817","memberVO_3"
"cvoID_9","voID_4266","memberVO_1"
"cvoID_9","voID_7340","memberVO_2"
"cvoID_9","voID_5263","memberVO_3"
"cvoID_10","voID_7306","memberVO_1"
"cvoID_10","voID_5893","memberVO_2"
"cvoID_10","voID_1547","memberVO_3"
"cvoID_11","voID_5175","memberVO_1"
"cvoID_11","voID_6317","memberVO_2"
"cvoID_11","voID_596","memberVO_3"
"cvoID_12","voID_2130","memberVO_1"
"cvoID_12","voID_3359","memberVO_2"
"cvoID_12","voID_8579","memberVO_3"
"cvoID_13","voID_6961","memberVO_1"
"cvoID_13","voID_3181","memberVO_2"
"cvoID_13","voID_1991","memberVO_3"
"cvoID_14","voID_7423","memberVO_1"
"cvoID_14","voID_3971","memberVO_2"
"cvoID_14","voID_3971","memberVO_3"
"cvoID_15","voID_6736","memberVO_1"
"cvoID_15","voID_9780","memberVO_2"
"cvoID_15","voID_6736","memberVO_3"
"cvoID_16","voID_9677","memberVO_1"
"cvoID_16","voID_9609","memberVO_2"
"cvoID_16","voID_5523","memberVO_3"
"cvoID_17","voID_333","memberVO_1"
"cvoID_17","voID_9578","memberVO_2"
"cvoID_17","voID_9076","memberVO_3"
"cvoID_18","voID_4283","memberVO_1"
"cvoID_18","voID_155","memberVO_2"
"cvoID_18","voID_4935","memberVO_3"
"cvoID_19","voID_8291","memberVO_1"
"cvoID_19","voID_8836","memberVO_2"
"cvoID_19","voID_8836","memberVO_3"
"cvoID_20","voID_3956","memberVO_1"
"cvoID_20","voID_4955","memberVO_2"
"cvoID_20","voID_8252","memberVO_3"
"cvoID_21","voID_4887","memberVO_1"
"cvoID_21","voID_9180","memberVO_2"
"cvoID_21","voID_3073","memberVO_3"
"cvoID_22","voID_692","memberVO_1"
"cvoID_22","voID_692","memberVO_2"
"cvoID_22","voID_692","memberVO_3"
"cvoID_23","voID_207","memberVO_1"
"cvoID_23","voID_8271","memberVO_2"
"cvoID_23","voID_3482","memberVO_3"
"cvoID_24","voID_4075","memberVO_1"
"cvoID_24","voID_4075","memberVO_2"
"cvoID_24","voID_8768","memberVO_3"
"cvoID_25","voID_2501","memberVO_1"
"cvoID_25","voID_393","memberVO_2"
"cvoID_25","voID_384","memberVO_3"
"cvoID_26","voID_1263","memberVO_1"
"cvoID_26","voID_7444","memberVO_2"
"cvoID_26","voID_3486","memberVO_3"
"cvoID_27","voID_4800","memberVO_1"
"cvoID_27","voID_2090","memberVO_2"
"cvoID_27","voID_2294","memberVO_3"
"cvoID_28","voID_8098","memberVO_1"
"cvoID_28","voID_2355","memberVO_2"
"cvoID_28","voID_171","memberVO_3"
"cvoID_29","voID_5197","memberVO_1"
"cvoID_29","voID_5197","memberVO_2"
"cvoID_29","voID_9015","memberVO_3"
"cvoID_30","voID_6981","memberVO_1"
"cvoID_30","voID_6981","memberVO_2"
"cvoID_30","voID_6981","memberVO_3"
"cvoID_31","voID_3596","memberVO_1"
"cvoID_31","voID_1597","memberVO_2"
"cvoID_31","voID_6659","memberVO_3"
"cvoID_32","voID_1216","memberVO_1"
"cvoID_32","voID_2558","memberVO_2"
"cvoID_32","voID_2558","memberVO_3"
"cvoID_33","voID_9847","memberVO_1"
"cvoID_33","voID_9847","memberVO_2"
"cvoID_33","voID_9246","memberVO_3"
"cvoID_34","voID_1771","memberVO_1"
"cvoID_34","voID_2534","memberVO_2"
"cvoID_34","voID_2534","memberVO_3"
"cvoID_35","voID_3465","memberVO_1"
"cvoID_35","voID_728","memberVO_2"
"cvoID_35","voID_7185","memberVO_3"
"cvoID_36","voID_8225","memberVO_1"
"cvoID_36","voID_8225","memberVO_2"
"cvoID_36","voID_3631","memberVO_3"
"cvoID_37","voID_4607","memberVO_1"
"cvoID_37","voID_2298","memberVO_2"
"cvoID_37","voID_2298","memberVO_3"
"cvoID_38","voID_8314","memberVO_1"
"cvoID_38","voID_3296","memberVO_2"
"cvoID_38","voID_8217","memberVO_3"
"cvoID_39","voID_1875","memberVO_1"
"cvoID_39","voID_1009","memberVO_2"
"cvoID_39","voID_633","memberVO_3"
"cvoID_40","voID_2381","memberVO_1"
"cvoID_40","voID_4305","memberVO_2"
"cvoID_40","voID_4305","memberVO_3"
"cvoID_41","voID_1102","memberVO_1"
"cvoID_41","voID_8277","memberVO_2"
"cvoID_41","voID_6547","memberVO_3"
"cvoID_42","voID_530","memberVO_1"
"cvoID_42","voID_2260","memberVO_2"
"cvoID_42","voID_530","memberVO_3"
"cvoID_43","voID_303","memberVO_1"
"cvoID_43","voID_2670","memberVO_2"
"cvoID_43","voID_5642","memberVO_3"
"cvoID_44","voID_1097","memberVO_1"
"cvoID_44","voID_3492","memberVO_2"
"cvoID_44","voID_4924","memberVO_3"
"cvoID_45","voID_6015","memberVO_1"
"cvoID_45","voID_4762","memberVO_2"
"cvoID_45","voID_5530","memberVO_3"
"cvoID_46","voID_5921","memberVO_1"
"cvoID_46","voID_5884","memberVO_2"
"cvoID_46","voID_5884","memberVO_3"
"cvoID_47","voID_4413","memberVO_1"
"cvoID_47","voID_4413","memberVO_2"
"cvoID_47","voID_4413","memberVO_3"
"cvoID_48","voID_6069","memberVO_1"
"cvoID_48","voID_2312","memberVO_2"
"cvoID_48","voID_2769","memberVO_3"
"cvoID_49","voID_812","memberVO_1"
"cvoID_49","voID_812","memberVO_2"
"cvoID_49","voID_750","memberVO_3"
"cvoID_50","voID_7372","memberVO_1"
"cvoID_50","voID_2266","memberVO_2"
"cvoID_50","voID_4944","memberVO_3"
"cvoID_51","voID_608","memberVO_1"
"cvoID_51","voID_608","memberVO_2"
"cvoID_51","voID_608","memberVO_3"
"cvoID_52","voID_2350","memberVO_1"
"cvoID_52","voID_2350","memberVO_2"
"cvoID_52","voID_6676","memberVO_3"
"cvoID_53","voID_4240","memberVO_1"
"cvoID_53","voID_2461","memberVO_2"
"cvoID_53","voID_5672","memberVO_3"
"cvoID_54","voID_4018","memberVO_1"
"cvoID_54","voID_8107","memberVO_2"
"cvoID_54","voID_8107","memberVO_3"
"cvoID_55","voID_3389","memberVO_1"
"cvoID_55","voID_5406","memberVO_2"
"cvoID_55","voID_6390","memberVO_3"
"cvoID_56","voID_9723","memberVO_1"
"cvoID_56","voID_9742","memberVO_2"
"cvoID_56","voID_9742","memberVO_3"
"cvoID_57","voID_4243","memberVO_1"
"cvoID_57","voID_230","memberVO_2"
"cvoID_57","voID_230","memberVO_3"
"cvoID_58","voID_3710","memberVO_1"
"cvoID_58","voID_5392","memberVO_2"
"cvoID_58","voID_4952","memberVO_3"
"cvoID_59","voID_4947","memberVO_1"
"cvoID_59","voID_4947","memberVO_2"
"cvoID_59","voID_5017","memberVO_3"
"cvoID_60","voID_4514","memberVO_1"
"cvoID_60","voID_141","memberVO_2"
"cvoID_60","voID_7005","memberVO_3"
"cvoID_61","voID_4956","memberVO_1"
"cvoID_61","voID_3454","memberVO_2"
"cvoID_61","voID_7044","memberVO_3"
"cvoID_62","voID_5147","memberVO_1"
"cvoID_62","voID_3624","memberVO_2"
"cvoID_62","voID_3072","memberVO_3"
"cvoID_63","voID_7557","memberVO_1"
"cvoID_63","voID_8068","memberVO_2"
"cvoID_63","voID_4798","memberVO_3"
"cvoID_64","voID_9643","memberVO_1"
"cvoID_64","voID_4931","memberVO_2"
"cvoID_64","voID_3375","memberVO_3"
"cvoID_65","voID_3911","memberVO_1"
"cvoID_65","voID_9144","memberVO_2"
"cvoID_65","voID_1891","memberVO_3"
"cvoID_66","voID_7682","memberVO_1"
"cvoID_66","voID_2348","memberVO_2"
"cvoID_66","voID_8129","memberVO_3"
"cvoID_67","voID_9058","memberVO_1"
"cvoID_67","voID_9058","memberVO_2"
"cvoID_67","voID_9058","memberVO_3"
"cvoID_68","voID_6212","memberVO_1"
"cvoID_68","voID_9375","memberVO_2"
"cvoID_68","voID_6212","memberVO_3"
"cvoID_69","voID_7596","memberVO_1"
"cvoID_69","voID_8414","memberVO_2"
"cvoID_69","voID_4211","memberVO_3"
"cvoID_70","voID_747","memberVO_1"
"cvoID_70","voID_747","memberVO_2"
"cvoID_70","voID_747","memberVO_3"
"cvoID_71","voID_4692","memberVO_1"
"cvoID_71","voID_8459","memberVO_2"
"cvoID_71","voID_4692","memberVO_3"
"cvoID_72","voID_1120","memberVO_1"
"cvoID_72","voID_3501","memberVO_2"
"cvoID_72","voID_8858","memberVO_3"
"cvoID_73","voID_4737","memberVO_1"
"cvoID_73","voID_8413","memberVO_2"
"cvoID_73","voID_6673","memberVO_3"
"cvoID_74","voID_7187","memberVO_1"
"cvoID_74","voID_7617","memberVO_2"
"cvoID_74","voID_1905","memberVO_3"
"cvoID_75","voID_3626","memberVO_1"
"cvoID_75","voID_9386","memberVO_2"
"cvoID_75","voID_8115","memberVO_3"
"cvoID_76","voID_3523","memberVO_1"
"cvoID_76","voID_3523","memberVO_2"
"cvoID_76","voID_3523","memberVO_3"
"cvoID_77","voID_3471","memberVO_1"
"cvoID_77","voID_3471","memberVO_2"
"cvoID_77","voID_3798","memberVO_3"
"cvoID_78","voID_5096","memberVO_1"
"cvoID_78","voID_7714","memberVO_2"
"cvoID_78","voID_3060","memberVO_3"
"cvoID_79","voID_2716","memberVO_1"
"cvoID_79","voID_2716","memberVO_2"
"cvoID_79","voID_6749","memberVO_3"
"cvoID_80","voID_2110","memberVO_1"
"cvoID_80","voID_4845","memberVO_2"
"cvoID_80","voID_8971","memberVO_3"
"cvoID_81","voID_5141","memberVO_1"
"cvoID_81","voID_1558","memberVO_2"
"cvoID_81","voID_5141","memberVO_3"
"cvoID_82","voID_4827","memberVO_1"
"cvoID_82","voID_7643","memberVO_2"
"cvoID_82","voID_6943","memberVO_3"
"cvoID_83","voID_9631","memberVO_1"
"cvoID_83","voID_7150","memberVO_2"
"cvoID_83","voID_9631","memberVO_3"
"cvoID_84","voID_9639","memberVO_1"
"cvoID_84","voID_9877","memberVO_2"
"cvoID_84","voID_9877","memberVO_3"
"cvoID_85","voID_9346","memberVO_1"
"cvoID_85","voID_6307","memberVO_2"
"cvoID_85","voID_6307","memberVO_3"
"cvoID_86","voID_7154","memberVO_1"
"cvoID_86","voID_1606","memberVO_2"
"cvoID_86","voID_5566","memberVO_3"
"cvoID_87","voID_4312","memberVO_1"
"cvoID_87","voID_9757","memberVO_2"
"cvoID_87","voID_7104","memberVO_3"
"cvoID_88","voID_4570","memberVO_1"
"cvoID_88","voID_9690","memberVO_2"
"cvoID_88","voID_1076","memberVO_3"
"cvoID_89","voID_5105","memberVO_1"
"cvoID_89","voID_686","memberVO_2"
"cvoID_89","voID_4553","memberVO_3"
"cvoID_90","voID_2717","memberVO_1"
"cvoID_90","voID_9255","memberVO_2"
"cvoID_90","voID_6399","memberVO_3"
"cvoID_91","voID_2104","memberVO_1"
"cvoID_91","voID_1349","memberVO_2"
"cvoID_91","voID_2104","memberVO_3"
"cvoID_92","voID_3479","memberVO_1"
"cvoID_92","voID_9260","memberVO_2"
"cvoID_92","voID_8007","memberVO_3"
"cvoID_93","voID_395","memberVO_1"
"cvoID_93","voID_9859","memberVO_2"
"cvoID_93","voID_8149","memberVO_3"
"cvoID_94","voID_5410","memberVO_1"
"cvoID_94","voID_2797","memberVO_2"
"cvoID_94","voID_4864","memberVO_3"
"cvoID_95","voID_8973","memberVO_1"
"cvoID_95","voID_9768","memberVO_2"
"cvoID_95","voID_1635","memberVO_3"
"cvoID_96","voID_72516","memberVO_1"
"cvoID_96","voID_78582","memberVO_2"
"cvoID_96","voID_40773","memberVO_3"
"cvoID_96","voID_36267","memberVO_4"
"cvoID_96","voID_21604","memberVO_5"
"cvoID_96","voID_94536","memberVO_6"
"cvoID_96","voID_72516","memberVO_7"
"cvoID_96","voID_36267","memberVO_8"
"cvoID_96","voID_32689","memberVO_9"
"cvoID_96","voID_36207","memberVO_10"
"cvoID_96","voID_72516","memberVO_11"
"cvoID_96","voID_41643","memberVO_12"
"cvoID_96","voID_72516","memberVO_13"
"cvoID_96","voID_78582","memberVO_14"
"cvoID_96","voID_21397","memberVO_15"
"cvoID_96","voID_78582","memberVO_16"
"cvoID_96","voID_40773","memberVO_17"
"cvoID_96","voID_72516","memberVO_18"
"cvoID_96","voID_21397","memberVO_19"
"cvoID_96","voID_40773","memberVO_20"
"cvoID_96","voID_61226","memberVO_21"
"cvoID_96","voID_32689","memberVO_22"
"cvoID_96","voID_4504","memberVO_23"
"cvoID_96","voID_32689","memberVO_24"
"cvoID_96","voID_32689","memberVO_25"
"cvoID_96","voID_21604","memberVO_26"
"cvoID_96","voID_72516","memberVO_27"
"cvoID_96","voID_72516","memberVO_28"
"cvoID_96","voID_40773","memberVO_29"
"cvoID_96","voID_4504","memberVO_30"
"cvoID_96","voID_72516","memberVO_31"
"cvoID_96","voID_54388","memberVO_32"
"cvoID_96","voID_54388","memberVO_33"
"cvoID_96","voID_78582","memberVO_34"
"cvoID_96","voID_72516","memberVO_35"
"cvoID_96","voID_4504","memberVO_36"
"cvoID_96","voID_78582","memberVO_37"
"cvoID_96","voID_4504","memberVO_38"
"cvoID_96","voID_78582","memberVO_39"
"cvoID_96","voID_78582","memberVO_40"
"cvoID_96","voID_21397","memberVO_41"
"cvoID_96","voID_4504","memberVO_42"
"cvoID_96","voID_32689","memberVO_43"
"cvoID_96","voID_32689","memberVO_44"
"cvoID_96","voID_54388","memberVO_45"
"cvoID_96","voID_72516","memberVO_46"
"cvoID_96","voID_21397","memberVO_47"
"cvoID_96","voID_78582","memberVO_48"
"cvoID_96","voID_21397","memberVO_49"
"cvoID_96","voID_72516","memberVO_50"
"cvoID_97","voID_25381","memberVO_1"
"cvoID_97","voID_25381","memberVO_2"
"cvoID_97","voID_80911","memberVO_3"
"cvoID_97","voID_91956","memberVO_4"
"cvoID_97","voID_3625","memberVO_5"
"cvoID_97","voID_97503","memberVO_6"
"cvoID_97","voID_91956","memberVO_7"
"cvoID_97","voID_20744","memberVO_8"
"cvoID_97","voID_97503","memberVO_9"
"cvoID_97","voID_97503","memberVO_10"
"cvoID_97","voID_18413","memberVO_11"
"cvoID_97","voID_80911","memberVO_12"
"cvoID_97","voID_41929","memberVO_13"
"cvoID_97","voID_1623","memberVO_14"
"cvoID_97","voID_97503","memberVO_15"
"cvoID_97","voID_20744","memberVO_16"
"cvoID_97","voID_80911","memberVO_17"
"cvoID_97","voID_36278","memberVO_18"
"cvoID_97","voID_25381","memberVO_19"
"cvoID_97","voID_97503","memberVO_20"
"cvoID_97","voID_20744","memberVO_21"
"cvoID_97","voID_90544","memberVO_22"
"cvoID_97","voID_25381","memberVO_23"
"cvoID_97","voID_25381","memberVO_24"
"cvoID_97","voID_20744","memberVO_25"
"cvoID_97","voID_80911","memberVO_26"
"cvoID_97","voID_90544","memberVO_27"
"cvoID_97","voID_89894","memberVO_28"
"cvoID_97","voID_80911","memberVO_29"
"cvoID_97","voID_20744","memberVO_30"
"cvoID_97","voID_25381","memberVO_31"
"cvoID_97","voID_80911","memberVO_32"
"cvoID_97","voID_20744","memberVO_33"
"cvoID_97","voID_75843","memberVO_34"
"cvoID_97","voID_20744","memberVO_35"
"cvoID_97","voID_18413","memberVO_36"
"cvoID_97","voID_61237","memberVO_37"
"cvoID_97","voID_25381","memberVO_38"
"cvoID_97","voID_20744","memberVO_39"
"cvoID_97","voID_20744","memberVO_40"
"cvoID_97","voID_80911","memberVO_41"
"cvoID_97","voID_1623","memberVO_42"
"cvoID_97","voID_25381","memberVO_43"
"cvoID_97","voID_1623","memberVO_44"
"cvoID_97","voID_1623","memberVO_45"
"cvoID_97","voID_18413","memberVO_46"
"cvoID_97","voID_80911","memberVO_47"
"cvoID_97","voID_20744","memberVO_48"
"cvoID_97","voID_18413","memberVO_49"
"cvoID_97","voID_25381","memberVO_50"
"cvoID_98","voID_44355","memberVO_1"
"cvoID_98","voID_33150","memberVO_2"
"cvoID_98","voID_61187","memberVO_3"
"cvoID_98","voID_11723","memberVO_4"
"cvoID_98","voID_26032","memberVO_5"
"cvoID_98","voID_33150","memberVO_6"
"cvoID_99","voID_54900","memberVO_1"
"cvoID_99","voID_54821","memberVO_2"
"cvoID_99","voID_75839","memberVO_3"
"cvoID_99","voID_54900","memberVO_4"
"cvoID_99","voID_81956","memberVO_5"
"cvoID_99","voID_81956","memberVO_6"
"cvoID_100","voID_4957","memberVO_1"
"cvoID_100","voID_4957","memberVO_2"
"cvoID_100","voID_7964","memberVO_3"
"cvoID_101","voID_57526","memberVO_1"
"cvoID_101","voID_29151","memberVO_2"
"cvoID_101","voID_67125","memberVO_3"
"cvoID_101","voID_1562","memberVO_4"
"cvoID_101","voID_1562","memberVO_5"
"cvoID_102","voID_89387","memberVO_1"
"cvoID_102","voID_49501","memberVO_2"
"cvoID_102","voID_83943","memberVO_3"
"cvoID_102","voID_83943","memberVO_4"
"cvoID_102","voID_59715","memberVO_5"
"cvoID_102","voID_75784","memberVO_6"
"cvoID_102","voID_83943","memberVO_7"
"cvoID_102","voID_83943","memberVO_8"
"cvoID_102","voID_83943","memberVO_9"
"cvoID_103","voID_3433","memberVO_1"
"cvoID_103","voID_92843","memberVO_2"
"cvoID_103","voID_92843","memberVO_3"
"cvoID_104","voID_68","memberVO_1"
"cvoID_104","voID_38","memberVO_2"
"cvoID_104","voID_81","memberVO_3"
"cvoID_104","voID_81","memberVO_4"
"cvoID_104","voID_31","memberVO_5"
"cvoID_104","voID_38","memberVO_6"
"cvoID_104","voID_81","memberVO_7"
"cvoID_104","voID_68","memberVO_8"
"cvoID_104","voID_41","memberVO_9"
"cvoID_104","voID_68","memberVO_10"
"cvoID_105","voID_77","memberVO_1"
"cvoID_105","voID_25","memberVO_2"
"cvoID_105","voID_40","memberVO_3"
"cvoID_105","voID_77","memberVO_4"
"cvoID_105","voID_77","memberVO_5"
"cvoID_105","voID_40","memberVO_6"
"cvoID_105","voID_25","memberVO_7"
"cvoID_105","voID_61","memberVO_8"
"cvoID_105","voID_40","memberVO_9"
"cvoID_105","voID_40","memberVO_10"
"cvoID_106","voID_49","memberVO_1"
"cvoID_106","voID_49","memberVO_2"
"cvoID_106","voID_42","memberVO_3"
"cvoID_106","voID_42","memberVO_4"
"cvoID_106","voID_49","memberVO_5"
"cvoID_106","voID_42","memberVO_6"
"cvoID_106","voID_49","memberVO_7"
"cvoID_106","voID_17","memberVO_8"
"cvoID_106","voID_42","memberVO_9"
"cvoID_106","voID_49","memberVO_10"
"cvoID_107","voID_99","memberVO_1"
"cvoID_107","voID_46","memberVO_2"
"cvoID_107","voID_6","memberVO_3"
"cvoID_107","voID_99","memberVO_4"
"cvoID_107","voID_6","memberVO_5"
"cvoID_107","voID_99","memberVO_6"
"cvoID_107","voID_93","memberVO_7"
"cvoID_107","voID_71","memberVO_8"
"cvoID_107","voID_99","memberVO_9"
"cvoID_107","voID_46","memberVO_10"
"cvoID_108","voID_63","memberVO_1"
"cvoID_108","voID_93","memberVO_2"
"cvoID_108","voID_63","memberVO_3"
"cvoID_108","voID_63","memberVO_4"
"cvoID_108","voID_93","memberVO_5"
"cvoID_108","voID_63","memberVO_6"
"cvoID_108","voID_93","memberVO_7"
"cvoID_108","voID_30","memberVO_8"
"cvoID_108","voID_95","memberVO_9"
"cvoID_108","voID_81","memberVO_10"
"cvoID_109","voID_167","memberVO_1"
"cvoID_109","voID_35","memberVO_2"
"cvoID_109","voID_565","memberVO_3"
"cvoID_110","voID_392","memberVO_1"
"cvoID_110","voID_392","memberVO_2"
"cvoID_110","voID_873","memberVO_3"
"cvoID_111","voID_889","memberVO_1"
"cvoID_111","voID_457","memberVO_2"
"cvoID_111","voID_724","memberVO_3"
"cvoID_112","voID_763","memberVO_1"
"cvoID_112","voID_435","memberVO_2"
"cvoID_112","voID_543","memberVO_3"
"cvoID_113","voID_433","memberVO_1"
"cvoID_113","voID_42","memberVO_2"
"cvoID_113","voID_234","memberVO_3"
"cvoID_114","voID_803","memberVO_1"
"cvoID_114","voID_584","memberVO_2"
"cvoID_114","voID_139","memberVO_3"
"cvoID_115","voID_512","memberVO_1"
"cvoID_115","voID_311","memberVO_2"
"cvoID_115","voID_512","memberVO_3"
"cvoID_116","voID_907","memberVO_1"
"cvoID_116","voID_907","memberVO_2"
"cvoID_116","voID_907","memberVO_3"
"cvoID_117","voID_220","memberVO_1"
"cvoID_117","voID_628","memberVO_2"
"cvoID_117","voID_824","memberVO_3"
"cvoID_118","voID_48","memberVO_1"
"cvoID_118","voID_144","memberVO_2"
"cvoID_118","voID_279","memberVO_3"
"cvoID_119","voID_217","memberVO_1"
"cvoID_119","voID_43","memberVO_2"
"cvoID_119","voID_217","memberVO_3"
"cvoID_120","voID_903","memberVO_1"
"cvoID_120","voID_74","memberVO_2"
"cvoID_120","voID_239","memberVO_3"
"cvoID_121","voID_69","memberVO_1"
"cvoID_121","voID_537","memberVO_2"
"cvoID_121","voID_480","memberVO_3"
"cvoID_122","voID_121","memberVO_1"
"cvoID_122","voID_121","memberVO_2"
"cvoID_122","voID_72","memberVO_3"
"cvoID_123","voID_212","memberVO_1"
"cvoID_123","voID_292","memberVO_2"
"cvoID_123","voID_611","memberVO_3"
"cvoID_124","voID_898","memberVO_1"
"cvoID_124","voID_948","memberVO_2"
"cvoID_124","voID_166","memberVO_3"
"cvoID_125","voID_638","memberVO_1"
"cvoID_125","voID_474","memberVO_2"
"cvoID_125","voID_378","memberVO_3"
"cvoID_126","voID_250","memberVO_1"
"cvoID_126","voID_823","memberVO_2"
"cvoID_126","voID_926","memberVO_3"
"cvoID_127","voID_284","memberVO_1"
"cvoID_127","voID_992","memberVO_2"
"cvoID_127","voID_863","memberVO_3"
"cvoID_128","voID_507","memberVO_1"
"cvoID_128","voID_198","memberVO_2"
"cvoID_128","voID_198","memberVO_3"
"cvoID_129","voID_778","memberVO_1"
"cvoID_129","voID_363","memberVO_2"
"cvoID_129","voID_363","memberVO_3"
"cvoID_130","voID_228","memberVO_1"
"cvoID_130","voID_265","memberVO_2"
"cvoID_130","voID_213","memberVO_3"
"cvoID_131","voID_378","memberVO_1"
"cvoID_131","voID_378","memberVO_2"
"cvoID_131","voID_180","memberVO_3"
"cvoID_132","voID_35","memberVO_1"
"cvoID_132","voID_168","memberVO_2"
"cvoID_132","voID_106","memberVO_3"
"cvoID_133","voID_753","memberVO_1"
"cvoID_133","voID_823","memberVO_2"
"cvoID_133","voID_127","memberVO_3"
"cvoID_134","voID_847","memberVO_1"
"cvoID_134","voID_847","memberVO_2"
"cvoID_134","voID_847","memberVO_3"
"cvoID_135","voID_817","memberVO_1"
"cvoID_135","voID_452","memberVO_2"
"cvoID_135","voID_452","memberVO_3"
"cvoID_136","voID_306","memberVO_1"
"cvoID_136","voID_347","memberVO_2"
"cvoID_136","voID_498","memberVO_3"
"cvoID_137","voID_992","memberVO_1"
"cvoID_137","voID_91","memberVO_2"
"cvoID_137","voID_346","memberVO_3"
"cvoID_138","voID_658","memberVO_1"
"cvoID_138","voID_658","memberVO_2"
"cvoID_138","voID_658","memberVO_3"
"cvoID_139","voID_950","memberVO_1"
"cvoID_139","voID_950","memberVO_2"
"cvoID_139","voID_950","memberVO_3"
"cvoID_140","voID_63","memberVO_1"
"cvoID_140","voID_633","memberVO_2"
"cvoID_140","voID_128","memberVO_3"
