UserID,VOid,POid,Price,Duration,Reputation,SuccessRate,Availability
UserID_1,voID_1,poID_1,P_55.0,D_32.0,R_78.0,S_62.0,A_40.0
UserID_2,voID_2,poID_2,P_19.0,D_69.0,R_89.0,S_83.0,A_32.0
UserID_3,voID_3,poID_3,P_62.0,D_36.0,R_42.0,S_51.0,A_40.0
UserID_4,voID_4,poID_4,P_34.0,D_45.0,R_47.0,S_47.0,A_47.0
UserID_5,voID_5,poID_5,P_70.0,D_29.0,R_45.0,S_78.0,A_33.0
UserID_6,voID_6,poID_6,P_40.0,D_71.0,R_88.0,S_99.0,A_38.0
UserID_7,voID_7,poID_7,P_5.0,D_77.0,R_71.0,S_37.0,A_32.0
UserID_8,voID_8,poID_8,P_22.0,D_49.0,R_20.0,S_80.0,A_34.0
UserID_9,voID_9,poID_9,P_11.0,D_80.0,R_93.0,S_16.0,A_53.0
UserID_10,voID_10,poID_10,P_41.0,D_28.0,R_1.0,S_58.0,A_6.0
UserID_11,voID_11,poID_11,P_98.0,D_3.0,R_40.0,S_84.0,A_43.0
UserID_12,voID_12,poID_12,P_10.0,D_42.0,R_65.0,S_84.0,A_84.0
UserID_13,voID_13,poID_13,P_45.0,D_4.0,R_5.0,S_16.0,A_43.0
UserID_14,voID_14,poID_14,P_80.0,D_24.0,R_18.0,S_32.0,A_56.0
UserID_15,voID_15,poID_15,P_94.0,D_34.0,R_30.0,S_31.0,A_17.0
UserID_16,voID_16,poID_16,P_78.0,D_50.0,R_1.0,S_46.0,A_79.0
UserID_17,voID_17,poID_17,P_55.0,D_74.0,R_70.0,S_14.0,A_79.0
UserID_18,voID_18,poID_18,P_22.0,D_1.0,R_88.0,S_50.0,A_16.0
UserID_19,voID_19,poID_19,P_1.0,D_63.0,R_28.0,S_97.0,A_99.0
UserID_20,voID_20,poID_20,P_3.0,D_71.0,R_48.0,S_71.0,A_39.0
UserID_21,voID_21,poID_21,P_63.0,D_19.0,R_31.0,S_23.0,A_13.0
UserID_22,voID_22,poID_22,P_29.0,D_38.0,R_77.0,S_69.0,A_14.0
UserID_23,voID_23,poID_23,P_78.0,D_13.0,R_93.0,S_44.0,A_97.0
UserID_24,voID_24,poID_24,P_48.0,D_45.0,R_94.0,S_44.0,A_9.0
UserID_25,voID_25,poID_25,P_60.0,D_45.0,R_68.0,S_66.0,A_82.0
UserID_26,voID_26,poID_26,P_10.0,D_46.0,R_23.0,S_16.0,A_78.0
UserID_27,voID_27,poID_27,P_94.0,D_44.0,R_17.0,S_26.0,A_52.0
UserID_28,voID_28,poID_28,P_93.0,D_40.0,R_77.0,S_4.0,A_20.0
UserID_29,voID_29,poID_29,P_95.0,D_46.0,R_98.0,S_79.0,A_68.0
UserID_30,voID_30,poID_30,P_75.0,D_92.0,R_94.0,S_20.0,A_83.0
UserID_31,voID_31,poID_31,P_67.0,D_44.0,R_41.0,S_98.0,A_11.0
UserID_32,voID_32,poID_32,P_84.0,D_19.0,R_26.0,S_96.0,A_27.0
UserID_33,voID_33,poID_33,P_51.0,D_71.0,R_80.0,S_3.0,A_25.0
UserID_34,voID_34,poID_34,P_43.0,D_73.0,R_66.0,S_94.0,A_8.0
UserID_35,voID_35,poID_35,P_25.0,D_86.0,R_96.0,S_35.0,A_88.0
UserID_36,voID_36,poID_36,P_1.0,D_94.0,R_30.0,S_33.0,A_30.0
UserID_37,voID_37,poID_37,P_92.0,D_16.0,R_57.0,S_46.0,A_93.0
UserID_38,voID_38,poID_38,P_91.0,D_85.0,R_13.0,S_80.0,A_82.0
UserID_39,voID_39,poID_39,P_90.0,D_48.0,R_5.0,S_51.0,A_92.0
UserID_40,voID_40,poID_40,P_8.0,D_78.0,R_18.0,S_74.0,A_3.0
UserID_41,voID_41,poID_41,P_34.0,D_69.0,R_50.0,S_31.0,A_60.0
UserID_42,voID_42,poID_42,P_17.0,D_26.0,R_79.0,S_47.0,A_94.0
UserID_43,voID_43,poID_43,P_16.0,D_4.0,R_13.0,S_82.0,A_3.0
UserID_44,voID_44,poID_44,P_12.0,D_25.0,R_51.0,S_42.0,A_17.0
UserID_45,voID_45,poID_45,P_67.0,D_63.0,R_7.0,S_93.0,A_33.0
UserID_46,voID_46,poID_46,P_83.0,D_5.0,R_69.0,S_29.0,A_82.0
UserID_47,voID_47,poID_47,P_18.0,D_95.0,R_5.0,S_58.0,A_97.0
UserID_48,voID_48,poID_48,P_97.0,D_19.0,R_50.0,S_95.0,A_18.0
UserID_49,voID_49,poID_49,P_95.0,D_1.0,R_99.0,S_62.0,A_21.0
UserID_50,voID_50,poID_50,P_23.0,D_66.0,R_25.0,S_56.0,A_82.0
UserID_51,voID_51,poID_51,P_42.0,D_50.0,R_74.0,S_53.0,A_75.0
UserID_52,voID_52,poID_52,P_68.0,D_44.0,R_60.0,S_85.0,A_51.0
UserID_53,voID_53,poID_53,P_68.0,D_56.0,R_39.0,S_56.0,A_67.0
UserID_54,voID_54,poID_54,P_51.0,D_38.0,R_99.0,S_24.0,A_43.0
UserID_55,voID_55,poID_55,P_73.0,D_84.0,R_92.0,S_81.0,A_6.0
UserID_56,voID_56,poID_56,P_44.0,D_56.0,R_61.0,S_22.0,A_49.0
UserID_57,voID_57,poID_57,P_49.0,D_36.0,R_48.0,S_27.0,A_91.0
UserID_58,voID_58,poID_58,P_57.0,D_2.0,R_76.0,S_96.0,A_53.0
UserID_59,voID_59,poID_59,P_78.0,D_70.0,R_60.0,S_59.0,A_87.0
UserID_60,voID_60,poID_60,P_46.0,D_56.0,R_12.0,S_21.0,A_27.0
UserID_61,voID_61,poID_61,P_60.0,D_48.0,R_9.0,S_38.0,A_36.0
UserID_62,voID_62,poID_62,P_3.0,D_11.0,R_93.0,S_48.0,A_70.0
UserID_63,voID_63,poID_63,P_97.0,D_52.0,R_11.0,S_40.0,A_79.0
UserID_64,voID_64,poID_64,P_32.0,D_71.0,R_53.0,S_66.0,A_70.0
UserID_65,voID_65,poID_65,P_48.0,D_42.0,R_73.0,S_23.0,A_35.0
UserID_66,voID_66,poID_66,P_84.0,D_68.0,R_24.0,S_8.0,A_62.0
UserID_67,voID_67,poID_67,P_25.0,D_46.0,R_20.0,S_23.0,A_93.0
UserID_68,voID_68,poID_68,P_42.0,D_59.0,R_46.0,S_37.0,A_20.0
UserID_69,voID_69,poID_69,P_5.0,D_19.0,R_46.0,S_46.0,A_42.0
UserID_70,voID_70,poID_70,P_45.0,D_80.0,R_5.0,S_97.0,A_80.0
UserID_71,voID_71,poID_71,P_32.0,D_42.0,R_60.0,S_44.0,A_48.0
UserID_72,voID_72,poID_72,P_61.0,D_34.0,R_54.0,S_29.0,A_79.0
UserID_73,voID_73,poID_73,P_71.0,D_68.0,R_34.0,S_71.0,A_60.0
UserID_74,voID_74,poID_74,P_97.0,D_96.0,R_27.0,S_18.0,A_95.0
UserID_75,voID_75,poID_75,P_59.0,D_9.0,R_62.0,S_42.0,A_18.0
UserID_76,voID_76,poID_76,P_67.0,D_9.0,R_7.0,S_78.0,A_94.0
UserID_77,voID_77,poID_77,P_22.0,D_26.0,R_32.0,S_8.0,A_13.0
UserID_78,voID_78,poID_78,P_23.0,D_40.0,R_84.0,S_53.0,A_43.0
UserID_79,voID_79,poID_79,P_28.0,D_14.0,R_47.0,S_53.0,A_35.0
UserID_80,voID_80,poID_80,P_98.0,D_14.0,R_99.0,S_97.0,A_62.0
UserID_81,voID_81,poID_81,P_11.0,D_77.0,R_97.0,S_92.0,A_63.0
UserID_82,voID_82,poID_82,P_15.0,D_33.0,R_90.0,S_58.0,A_58.0
UserID_83,voID_83,poID_83,P_89.0,D_52.0,R_64.0,S_31.0,A_51.0
UserID_84,voID_84,poID_84,P_97.0,D_54.0,R_74.0,S_86.0,A_58.0
UserID_85,voID_85,poID_85,P_17.0,D_55.0,R_38.0,S_20.0,A_34.0
UserID_86,voID_86,poID_86,P_29.0,D_54.0,R_90.0,S_56.0,A_51.0
UserID_87,voID_87,poID_87,P_63.0,D_61.0,R_35.0,S_78.0,A_39.0
UserID_88,voID_88,poID_88,P_37.0,D_70.0,R_78.0,S_6.0,A_9.0
UserID_89,voID_89,poID_89,P_74.0,D_31.0,R_64.0,S_61.0,A_85.0
UserID_90,voID_90,poID_90,P_97.0,D_15.0,R_36.0,S_63.0,A_54.0
UserID_91,voID_91,poID_91,P_20.0,D_82.0,R_90.0,S_12.0,A_57.0
UserID_92,voID_92,poID_92,P_62.0,D_78.0,R_46.0,S_44.0,A_92.0
UserID_93,voID_93,poID_93,P_82.0,D_74.0,R_67.0,S_51.0,A_74.0
UserID_94,voID_94,poID_94,P_36.0,D_60.0,R_24.0,S_14.0,A_3.0
UserID_95,voID_95,poID_95,P_1.0,D_6.0,R_89.0,S_93.0,A_97.0
UserID_96,voID_96,poID_96,P_20.0,D_30.0,R_65.0,S_71.0,A_16.0
UserID_97,voID_97,poID_97,P_27.0,D_3.0,R_48.0,S_58.0,A_31.0
UserID_98,voID_98,poID_98,P_86.0,D_99.0,R_7.0,S_57.0,A_82.0
UserID_99,voID_99,poID_99,P_5.0,D_46.0,R_57.0,S_59.0,A_76.0
UserID_100,voID_100,poID_100,P_4.0,D_85.0,R_2.0,S_19.0,A_66.0
UserID_101,voID_101,poID_101,P_72.0,D_55.0,R_30.0,S_25.0,A_92.0
UserID_102,voID_102,poID_102,P_57.0,D_31.0,R_79.0,S_7.0,A_84.0
UserID_103,voID_103,poID_103,P_45.0,D_80.0,R_42.0,S_58.0,A_12.0
UserID_104,voID_104,poID_104,P_78.0,D_25.0,R_12.0,S_67.0,A_39.0
UserID_105,voID_105,poID_105,P_96.0,D_47.0,R_4.0,S_25.0,A_70.0
UserID_106,voID_106,poID_106,P_99.0,D_70.0,R_7.0,S_85.0,A_58.0
UserID_107,voID_107,poID_107,P_53.0,D_87.0,R_27.0,S_11.0,A_58.0
UserID_108,voID_108,poID_108,P_97.0,D_60.0,R_83.0,S_66.0,A_19.0
UserID_109,voID_109,poID_109,P_78.0,D_71.0,R_31.0,S_22.0,A_96.0
UserID_110,voID_110,poID_110,P_16.0,D_61.0,R_23.0,S_55.0,A_83.0
UserID_111,voID_111,poID_111,P_58.0,D_17.0,R_47.0,S_2.0,A_68.0
UserID_112,voID_112,poID_112,P_75.0,D_75.0,R_45.0,S_56.0,A_57.0
UserID_113,voID_113,poID_113,P_9.0,D_85.0,R_82.0,S_99.0,A_36.0
UserID_114,voID_114,poID_114,P_49.0,D_11.0,R_56.0,S_98.0,A_22.0
UserID_115,voID_115,poID_115,P_31.0,D_30.0,R_49.0,S_39.0,A_47.0
UserID_116,voID_116,poID_116,P_53.0,D_36.0,R_60.0,S_54.0,A_36.0
UserID_117,voID_117,poID_117,P_60.0,D_75.0,R_35.0,S_42.0,A_81.0
UserID_118,voID_118,poID_118,P_60.0,D_35.0,R_19.0,S_17.0,A_71.0
UserID_119,voID_119,poID_119,P_13.0,D_66.0,R_82.0,S_17.0,A_38.0
UserID_120,voID_120,poID_120,P_46.0,D_37.0,R_61.0,S_51.0,A_39.0
UserID_121,voID_121,poID_121,P_9.0,D_25.0,R_34.0,S_69.0,A_19.0
UserID_122,voID_122,poID_122,P_19.0,D_67.0,R_47.0,S_75.0,A_15.0
UserID_123,voID_123,poID_123,P_83.0,D_80.0,R_97.0,S_47.0,A_93.0
UserID_124,voID_124,poID_124,P_3.0,D_74.0,R_62.0,S_16.0,A_15.0
UserID_125,voID_125,poID_125,P_90.0,D_28.0,R_9.0,S_52.0,A_90.0
UserID_126,voID_126,poID_126,P_3.0,D_30.0,R_66.0,S_76.0,A_92.0
UserID_127,voID_127,poID_127,P_25.0,D_88.0,R_11.0,S_37.0,A_78.0
UserID_128,voID_128,poID_128,P_80.0,D_5.0,R_85.0,S_49.0,A_60.0
UserID_129,voID_129,poID_129,P_72.0,D_74.0,R_5.0,S_35.0,A_70.0
UserID_130,voID_130,poID_130,P_47.0,D_93.0,R_42.0,S_73.0,A_59.0
UserID_131,voID_131,poID_131,P_30.0,D_5.0,R_29.0,S_27.0,A_34.0
UserID_132,voID_132,poID_132,P_23.0,D_82.0,R_9.0,S_17.0,A_65.0
UserID_133,voID_133,poID_133,P_74.0,D_84.0,R_4.0,S_78.0,A_73.0
UserID_134,voID_134,poID_134,P_47.0,D_34.0,R_88.0,S_5.0,A_53.0
UserID_135,voID_135,poID_135,P_68.0,D_3.0,R_35.0,S_36.0,A_22.0
UserID_136,voID_136,poID_136,P_4.0,D_86.0,R_48.0,S_13.0,A_24.0
UserID_137,voID_137,poID_137,P_12.0,D_80.0,R_57.0,S_30.0,A_43.0
UserID_138,voID_138,poID_138,P_13.0,D_25.0,R_11.0,S_31.0,A_60.0
UserID_139,voID_139,poID_139,P_96.0,D_75.0,R_29.0,S_91.0,A_6.0
UserID_140,voID_140,poID_140,P_24.0,D_41.0,R_18.0,S_50.0,A_6.0
UserID_141,voID_141,poID_141,P_74.0,D_22.0,R_3.0,S_75.0,A_44.0
UserID_142,voID_142,poID_142,P_13.0,D_15.0,R_73.0,S_9.0,A_81.0
UserID_143,voID_143,poID_143,P_29.0,D_96.0,R_92.0,S_99.0,A_12.0
UserID_144,voID_144,poID_144,P_9.0,D_6.0,R_19.0,S_6.0,A_75.0
UserID_145,voID_145,poID_145,P_96.0,D_3.0,R_62.0,S_34.0,A_34.0
UserID_146,voID_146,poID_146,P_4.0,D_71.0,R_35.0,S_32.0,A_38.0
UserID_147,voID_147,poID_147,P_86.0,D_33.0,R_51.0,S_31.0,A_59.0
UserID_148,voID_148,poID_148,P_58.0,D_56.0,R_76.0,S_10.0,A_71.0
UserID_149,voID_149,poID_149,P_33.0,D_78.0,R_95.0,S_35.0,A_6.0
UserID_150,voID_150,poID_150,P_22.0,D_13.0,R_97.0,S_54.0,A_55.0
UserID_151,voID_151,poID_151,P_3.0,D_73.0,R_85.0,S_87.0,A_16.0
UserID_152,voID_152,poID_152,P_28.0,D_92.0,R_34.0,S_70.0,A_49.0
UserID_153,voID_153,poID_153,P_7.0,D_84.0,R_47.0,S_18.0,A_78.0
UserID_154,voID_154,poID_154,P_74.0,D_78.0,R_10.0,S_28.0,A_88.0
UserID_155,voID_155,poID_155,P_54.0,D_93.0,R_28.0,S_64.0,A_60.0
UserID_156,voID_156,poID_156,P_23.0,D_47.0,R_82.0,S_80.0,A_36.0
UserID_157,voID_157,poID_157,P_82.0,D_44.0,R_99.0,S_4.0,A_71.0
UserID_158,voID_158,poID_158,P_66.0,D_9.0,R_13.0,S_14.0,A_95.0
UserID_159,voID_159,poID_159,P_1.0,D_34.0,R_38.0,S_47.0,A_39.0
UserID_160,voID_160,poID_160,P_69.0,D_67.0,R_37.0,S_32.0,A_20.0
UserID_161,voID_161,poID_161,P_23.0,D_59.0,R_15.0,S_14.0,A_30.0
UserID_162,voID_162,poID_162,P_19.0,D_35.0,R_45.0,S_93.0,A_79.0
UserID_163,voID_163,poID_163,P_88.0,D_2.0,R_83.0,S_89.0,A_88.0
UserID_164,voID_164,poID_164,P_62.0,D_39.0,R_76.0,S_71.0,A_14.0
UserID_165,voID_165,poID_165,P_69.0,D_86.0,R_7.0,S_51.0,A_35.0
UserID_166,voID_166,poID_166,P_99.0,D_50.0,R_41.0,S_26.0,A_67.0
UserID_167,voID_167,poID_167,P_76.0,D_87.0,R_18.0,S_95.0,A_78.0
UserID_168,voID_168,poID_168,P_88.0,D_9.0,R_91.0,S_48.0,A_86.0
UserID_169,voID_169,poID_169,P_24.0,D_19.0,R_31.0,S_98.0,A_26.0
UserID_170,voID_170,poID_170,P_6.0,D_16.0,R_46.0,S_9.0,A_71.0
UserID_171,voID_171,poID_171,P_5.0,D_68.0,R_16.0,S_19.0,A_20.0
UserID_172,voID_172,poID_172,P_57.0,D_13.0,R_46.0,S_82.0,A_85.0
UserID_173,voID_173,poID_173,P_96.0,D_57.0,R_34.0,S_28.0,A_47.0
UserID_174,voID_174,poID_174,P_2.0,D_81.0,R_40.0,S_89.0,A_18.0
UserID_175,voID_175,poID_175,P_54.0,D_3.0,R_23.0,S_2.0,A_52.0
UserID_176,voID_176,poID_176,P_38.0,D_90.0,R_1.0,S_64.0,A_58.0
UserID_177,voID_177,poID_177,P_82.0,D_13.0,R_21.0,S_42.0,A_3.0
UserID_178,voID_178,poID_178,P_60.0,D_67.0,R_27.0,S_99.0,A_73.0
UserID_179,voID_179,poID_179,P_14.0,D_49.0,R_10.0,S_77.0,A_68.0
UserID_180,voID_180,poID_180,P_46.0,D_78.0,R_81.0,S_34.0,A_29.0
UserID_181,voID_181,poID_181,P_18.0,D_1.0,R_70.0,S_77.0,A_23.0
UserID_182,voID_182,poID_182,P_64.0,D_12.0,R_64.0,S_68.0,A_18.0
UserID_183,voID_183,poID_183,P_91.0,D_38.0,R_76.0,S_21.0,A_35.0
UserID_184,voID_184,poID_184,P_13.0,D_5.0,R_74.0,S_11.0,A_61.0
UserID_185,voID_185,poID_185,P_45.0,D_25.0,R_57.0,S_16.0,A_83.0
UserID_186,voID_186,poID_186,P_63.0,D_79.0,R_75.0,S_20.0,A_67.0
UserID_187,voID_187,poID_187,P_26.0,D_93.0,R_97.0,S_12.0,A_96.0
UserID_188,voID_188,poID_188,P_49.0,D_42.0,R_56.0,S_71.0,A_81.0
UserID_189,voID_189,poID_189,P_39.0,D_11.0,R_69.0,S_35.0,A_63.0
UserID_190,voID_190,poID_190,P_50.0,D_70.0,R_97.0,S_94.0,A_96.0
UserID_191,voID_191,poID_191,P_41.0,D_56.0,R_71.0,S_49.0,A_13.0
UserID_192,voID_192,poID_192,P_25.0,D_92.0,R_85.0,S_32.0,A_32.0
UserID_193,voID_193,poID_193,P_35.0,D_44.0,R_11.0,S_23.0,A_58.0
UserID_194,voID_194,poID_194,P_83.0,D_41.0,R_58.0,S_32.0,A_51.0
UserID_195,voID_195,poID_195,P_32.0,D_98.0,R_24.0,S_84.0,A_48.0
UserID_196,voID_196,poID_196,P_16.0,D_99.0,R_69.0,S_3.0,A_50.0
UserID_197,voID_197,poID_197,P_66.0,D_59.0,R_42.0,S_43.0,A_12.0
UserID_198,voID_198,poID_198,P_16.0,D_48.0,R_35.0,S_12.0,A_58.0
UserID_199,voID_199,poID_199,P_39.0,D_21.0,R_70.0,S_40.0,A_87.0
UserID_200,voID_200,poID_200,P_54.0,D_29.0,R_97.0,S_6.0,A_35.0
UserID_201,voID_201,poID_201,P_10.0,D_84.0,R_64.0,S_10.0,A_4.0
UserID_202,voID_202,poID_202,P_45.0,D_75.0,R_96.0,S_81.0,A_56.0
UserID_203,voID_203,poID_203,P_4.0,D_78.0,R_96.0,S_58.0,A_97.0
UserID_204,voID_204,poID_204,P_88.0,D_64.0,R_71.0,S_1.0,A_12.0
UserID_205,voID_205,poID_205,P_34.0,D_7.0,R_52.0,S_78.0,A_30.0
UserID_206,voID_206,poID_206,P_53.0,D_29.0,R_49.0,S_1.0,A_12.0
UserID_207,voID_207,poID_207,P_42.0,D_41.0,R_27.0,S_4.0,A_4.0
UserID_208,voID_208,poID_208,P_20.0,D_65.0,R_93.0,S_64.0,A_81.0
UserID_209,voID_209,poID_209,P_65.0,D_92.0,R_30.0,S_94.0,A_86.0
UserID_210,voID_210,poID_210,P_62.0,D_28.0,R_99.0,S_60.0,A_15.0
UserID_211,voID_211,poID_211,P_35.0,D_93.0,R_31.0,S_62.0,A_37.0
UserID_212,voID_212,poID_212,P_55.0,D_25.0,R_32.0,S_33.0,A_15.0
UserID_213,voID_213,poID_213,P_50.0,D_66.0,R_62.0,S_73.0,A_25.0
UserID_214,voID_214,poID_214,P_15.0,D_78.0,R_39.0,S_94.0,A_70.0
UserID_215,voID_215,poID_215,P_95.0,D_69.0,R_63.0,S_79.0,A_11.0
UserID_216,voID_216,poID_216,P_13.0,D_75.0,R_90.0,S_70.0,A_6.0
UserID_217,voID_217,poID_217,P_62.0,D_25.0,R_81.0,S_78.0,A_31.0
UserID_218,voID_218,poID_218,P_79.0,D_7.0,R_45.0,S_61.0,A_54.0
UserID_219,voID_219,poID_219,P_79.0,D_98.0,R_34.0,S_56.0,A_73.0
UserID_220,voID_220,poID_220,P_66.0,D_59.0,R_14.0,S_9.0,A_48.0
UserID_221,voID_221,poID_221,P_84.0,D_20.0,R_82.0,S_98.0,A_84.0
UserID_222,voID_222,poID_222,P_93.0,D_43.0,R_37.0,S_63.0,A_67.0
UserID_223,voID_223,poID_223,P_37.0,D_44.0,R_41.0,S_10.0,A_24.0
UserID_224,voID_224,poID_224,P_29.0,D_21.0,R_49.0,S_30.0,A_83.0
UserID_225,voID_225,poID_225,P_31.0,D_47.0,R_12.0,S_97.0,A_43.0
UserID_226,voID_226,poID_226,P_28.0,D_97.0,R_76.0,S_17.0,A_91.0
UserID_227,voID_227,poID_227,P_34.0,D_10.0,R_23.0,S_21.0,A_99.0
UserID_228,voID_228,poID_228,P_19.0,D_96.0,R_91.0,S_1.0,A_1.0
UserID_229,voID_229,poID_229,P_57.0,D_95.0,R_10.0,S_72.0,A_29.0
UserID_230,voID_230,poID_230,P_8.0,D_26.0,R_75.0,S_19.0,A_70.0
UserID_231,voID_231,poID_231,P_77.0,D_79.0,R_41.0,S_3.0,A_72.0
UserID_232,voID_232,poID_232,P_62.0,D_58.0,R_65.0,S_66.0,A_31.0
UserID_233,voID_233,poID_233,P_97.0,D_57.0,R_96.0,S_91.0,A_79.0
UserID_234,voID_234,poID_234,P_48.0,D_7.0,R_60.0,S_66.0,A_58.0
UserID_235,voID_235,poID_235,P_57.0,D_35.0,R_94.0,S_7.0,A_95.0
UserID_236,voID_236,poID_236,P_95.0,D_19.0,R_93.0,S_52.0,A_91.0
UserID_237,voID_237,poID_237,P_76.0,D_41.0,R_44.0,S_72.0,A_67.0
UserID_238,voID_238,poID_238,P_71.0,D_61.0,R_98.0,S_36.0,A_72.0
UserID_239,voID_239,poID_239,P_28.0,D_10.0,R_84.0,S_54.0,A_23.0
UserID_240,voID_240,poID_240,P_90.0,D_51.0,R_28.0,S_85.0,A_75.0
UserID_241,voID_241,poID_241,P_16.0,D_29.0,R_34.0,S_64.0,A_84.0
UserID_242,voID_242,poID_242,P_52.0,D_84.0,R_56.0,S_66.0,A_79.0
UserID_243,voID_243,poID_243,P_40.0,D_86.0,R_9.0,S_78.0,A_92.0
UserID_244,voID_244,poID_244,P_19.0,D_71.0,R_31.0,S_85.0,A_1.0
UserID_245,voID_245,poID_245,P_72.0,D_46.0,R_22.0,S_33.0,A_96.0
UserID_246,voID_246,poID_246,P_41.0,D_35.0,R_14.0,S_21.0,A_99.0
UserID_247,voID_247,poID_247,P_50.0,D_21.0,R_18.0,S_98.0,A_21.0
UserID_248,voID_248,poID_248,P_84.0,D_66.0,R_24.0,S_68.0,A_85.0
UserID_249,voID_249,poID_249,P_43.0,D_99.0,R_46.0,S_71.0,A_23.0
UserID_250,voID_250,poID_250,P_96.0,D_57.0,R_19.0,S_87.0,A_44.0
UserID_251,voID_251,poID_251,P_42.0,D_87.0,R_4.0,S_87.0,A_37.0
UserID_252,voID_252,poID_252,P_12.0,D_10.0,R_3.0,S_76.0,A_47.0
UserID_253,voID_253,poID_253,P_25.0,D_41.0,R_11.0,S_31.0,A_84.0
UserID_254,voID_254,poID_254,P_14.0,D_3.0,R_5.0,S_37.0,A_54.0
UserID_255,voID_255,poID_255,P_34.0,D_67.0,R_83.0,S_68.0,A_56.0
UserID_256,voID_256,poID_256,P_78.0,D_50.0,R_44.0,S_70.0,A_90.0
UserID_257,voID_257,poID_257,P_79.0,D_6.0,R_29.0,S_48.0,A_37.0
UserID_258,voID_258,poID_258,P_25.0,D_33.0,R_58.0,S_72.0,A_94.0
UserID_259,voID_259,poID_259,P_87.0,D_31.0,R_37.0,S_25.0,A_87.0
UserID_260,voID_260,poID_260,P_56.0,D_64.0,R_36.0,S_58.0,A_75.0
UserID_261,voID_261,poID_261,P_80.0,D_74.0,R_54.0,S_2.0,A_14.0
UserID_262,voID_262,poID_262,P_93.0,D_92.0,R_5.0,S_98.0,A_5.0
UserID_263,voID_263,poID_263,P_95.0,D_55.0,R_86.0,S_51.0,A_71.0
UserID_264,voID_264,poID_264,P_15.0,D_35.0,R_40.0,S_59.0,A_76.0
UserID_265,voID_265,poID_265,P_28.0,D_81.0,R_13.0,S_14.0,A_70.0
UserID_266,voID_266,poID_266,P_37.0,D_5.0,R_42.0,S_60.0,A_67.0
UserID_267,voID_267,poID_267,P_47.0,D_24.0,R_97.0,S_26.0,A_87.0
UserID_268,voID_268,poID_268,P_40.0,D_43.0,R_46.0,S_7.0,A_11.0
UserID_269,voID_269,poID_269,P_47.0,D_1.0,R_9.0,S_54.0,A_25.0
UserID_270,voID_270,poID_270,P_91.0,D_29.0,R_3.0,S_73.0,A_62.0
UserID_271,voID_271,poID_271,P_70.0,D_71.0,R_78.0,S_6.0,A_52.0
UserID_272,voID_272,poID_272,P_11.0,D_53.0,R_80.0,S_2.0,A_98.0
UserID_273,voID_273,poID_273,P_98.0,D_98.0,R_61.0,S_37.0,A_58.0
UserID_274,voID_274,poID_274,P_38.0,D_47.0,R_47.0,S_73.0,A_90.0
UserID_275,voID_275,poID_275,P_67.0,D_12.0,R_46.0,S_73.0,A_15.0
UserID_276,voID_276,poID_276,P_31.0,D_44.0,R_57.0,S_60.0,A_60.0
UserID_277,voID_277,poID_277,P_3.0,D_57.0,R_93.0,S_27.0,A_15.0
UserID_278,voID_278,poID_278,P_84.0,D_39.0,R_26.0,S_11.0,A_12.0
UserID_279,voID_279,poID_279,P_11.0,D_99.0,R_65.0,S_18.0,A_64.0
UserID_280,voID_280,poID_280,P_38.0,D_87.0,R_3.0,S_32.0,A_4.0
UserID_281,voID_281,poID_281,P_18.0,D_92.0,R_94.0,S_8.0,A_48.0
UserID_282,voID_282,poID_282,P_6.0,D_84.0,R_3.0,S_90.0,A_86.0
UserID_283,voID_283,poID_283,P_93.0,D_18.0,R_39.0,S_69.0,A_5.0
UserID_284,voID_284,poID_284,P_76.0,D_65.0,R_66.0,S_30.0,A_46.0
UserID_285,voID_285,poID_285,P_68.0,D_59.0,R_74.0,S_64.0,A_73.0
UserID_286,voID_286,poID_286,P_22.0,D_75.0,R_49.0,S_22.0,A_62.0
UserID_287,voID_287,poID_287,P_54.0,D_85.0,R_93.0,S_38.0,A_21.0
UserID_288,voID_288,poID_288,P_39.0,D_5.0,R_51.0,S_61.0,A_99.0
UserID_289,voID_289,poID_289,P_48.0,D_87.0,R_7.0,S_90.0,A_1.0
UserID_290,voID_290,poID_290,P_19.0,D_97.0,R_81.0,S_95.0,A_43.0
UserID_291,voID_291,poID_291,P_99.0,D_13.0,R_47.0,S_54.0,A_26.0
UserID_292,voID_292,poID_292,P_37.0,D_93.0,R_15.0,S_76.0,A_37.0
UserID_293,voID_293,poID_293,P_10.0,D_85.0,R_48.0,S_92.0,A_85.0
UserID_294,voID_294,poID_294,P_62.0,D_88.0,R_23.0,S_56.0,A_95.0
UserID_295,voID_295,poID_295,P_24.0,D_83.0,R_18.0,S_31.0,A_60.0
UserID_296,voID_296,poID_296,P_43.0,D_1.0,R_31.0,S_71.0,A_30.0
UserID_297,voID_297,poID_297,P_88.0,D_36.0,R_86.0,S_62.0,A_19.0
UserID_298,voID_298,poID_298,P_30.0,D_49.0,R_46.0,S_30.0,A_96.0
UserID_299,voID_299,poID_299,P_76.0,D_56.0,R_18.0,S_31.0,A_38.0
UserID_300,voID_300,poID_300,P_55.0,D_19.0,R_2.0,S_52.0,A_61.0
UserID_301,voID_301,poID_301,P_2.0,D_65.0,R_17.0,S_17.0,A_65.0
UserID_302,voID_302,poID_302,P_56.0,D_67.0,R_22.0,S_48.0,A_44.0
UserID_303,voID_303,poID_303,P_22.0,D_21.0,R_51.0,S_94.0,A_61.0
UserID_304,voID_304,poID_304,P_67.0,D_40.0,R_94.0,S_75.0,A_95.0
UserID_305,voID_305,poID_305,P_61.0,D_37.0,R_99.0,S_78.0,A_46.0
UserID_306,voID_306,poID_306,P_57.0,D_96.0,R_42.0,S_32.0,A_26.0
UserID_307,voID_307,poID_307,P_30.0,D_87.0,R_65.0,S_26.0,A_39.0
UserID_308,voID_308,poID_308,P_20.0,D_75.0,R_20.0,S_2.0,A_76.0
UserID_309,voID_309,poID_309,P_45.0,D_45.0,R_71.0,S_96.0,A_94.0
UserID_310,voID_310,poID_310,P_90.0,D_83.0,R_27.0,S_91.0,A_24.0
UserID_311,voID_311,poID_311,P_5.0,D_25.0,R_11.0,S_81.0,A_75.0
UserID_312,voID_312,poID_312,P_91.0,D_99.0,R_62.0,S_23.0,A_44.0
UserID_313,voID_313,poID_313,P_85.0,D_56.0,R_48.0,S_8.0,A_75.0
UserID_314,voID_314,poID_314,P_22.0,D_40.0,R_57.0,S_50.0,A_62.0
UserID_315,voID_315,poID_315,P_16.0,D_71.0,R_53.0,S_35.0,A_21.0
UserID_316,voID_316,poID_316,P_29.0,D_48.0,R_33.0,S_94.0,A_68.0
UserID_317,voID_317,poID_317,P_98.0,D_15.0,R_38.0,S_21.0,A_7.0
UserID_318,voID_318,poID_318,P_90.0,D_35.0,R_95.0,S_17.0,A_73.0
UserID_319,voID_319,poID_319,P_85.0,D_27.0,R_5.0,S_56.0,A_97.0
UserID_320,voID_320,poID_320,P_70.0,D_21.0,R_34.0,S_36.0,A_83.0
UserID_321,voID_321,poID_321,P_82.0,D_87.0,R_69.0,S_26.0,A_72.0
UserID_322,voID_322,poID_322,P_20.0,D_99.0,R_27.0,S_49.0,A_24.0
UserID_323,voID_323,poID_323,P_87.0,D_60.0,R_56.0,S_7.0,A_56.0
UserID_324,voID_324,poID_324,P_92.0,D_97.0,R_27.0,S_92.0,A_52.0
UserID_325,voID_325,poID_325,P_25.0,D_63.0,R_56.0,S_21.0,A_60.0
UserID_326,voID_326,poID_326,P_15.0,D_81.0,R_33.0,S_23.0,A_8.0
UserID_327,voID_327,poID_327,P_8.0,D_79.0,R_35.0,S_71.0,A_17.0
UserID_328,voID_328,poID_328,P_82.0,D_4.0,R_52.0,S_81.0,A_53.0
UserID_329,voID_329,poID_329,P_41.0,D_12.0,R_17.0,S_11.0,A_48.0
UserID_330,voID_330,poID_330,P_2.0,D_80.0,R_4.0,S_87.0,A_8.0
UserID_331,voID_331,poID_331,P_86.0,D_53.0,R_45.0,S_38.0,A_94.0
UserID_332,voID_332,poID_332,P_90.0,D_16.0,R_53.0,S_48.0,A_92.0
UserID_333,voID_333,poID_333,P_88.0,D_19.0,R_89.0,S_52.0,A_45.0
UserID_334,voID_334,poID_334,P_49.0,D_57.0,R_86.0,S_52.0,A_81.0
UserID_335,voID_335,poID_335,P_35.0,D_48.0,R_72.0,S_70.0,A_36.0
UserID_336,voID_336,poID_336,P_55.0,D_86.0,R_28.0,S_17.0,A_90.0
UserID_337,voID_337,poID_337,P_16.0,D_1.0,R_34.0,S_8.0,A_99.0
UserID_338,voID_338,poID_338,P_28.0,D_88.0,R_55.0,S_65.0,A_28.0
UserID_339,voID_339,poID_339,P_85.0,D_53.0,R_48.0,S_36.0,A_20.0
UserID_340,voID_340,poID_340,P_25.0,D_81.0,R_57.0,S_41.0,A_40.0
UserID_341,voID_341,poID_341,P_49.0,D_66.0,R_28.0,S_56.0,A_99.0
UserID_342,voID_342,poID_342,P_2.0,D_24.0,R_62.0,S_15.0,A_96.0
UserID_343,voID_343,poID_343,P_80.0,D_8.0,R_11.0,S_59.0,A_21.0
UserID_344,voID_344,poID_344,P_64.0,D_62.0,R_77.0,S_29.0,A_78.0
UserID_345,voID_345,poID_345,P_80.0,D_3.0,R_54.0,S_6.0,A_64.0
UserID_346,voID_346,poID_346,P_45.0,D_35.0,R_63.0,S_29.0,A_29.0
UserID_347,voID_347,poID_347,P_77.0,D_24.0,R_14.0,S_26.0,A_31.0
UserID_348,voID_348,poID_348,P_97.0,D_26.0,R_26.0,S_57.0,A_83.0
UserID_349,voID_349,poID_349,P_84.0,D_22.0,R_8.0,S_9.0,A_28.0
UserID_350,voID_350,poID_350,P_58.0,D_30.0,R_43.0,S_18.0,A_66.0
UserID_351,voID_351,poID_351,P_26.0,D_46.0,R_22.0,S_66.0,A_19.0
UserID_352,voID_352,poID_352,P_75.0,D_24.0,R_74.0,S_4.0,A_18.0
UserID_353,voID_353,poID_353,P_75.0,D_14.0,R_81.0,S_40.0,A_69.0
UserID_354,voID_354,poID_354,P_42.0,D_31.0,R_98.0,S_74.0,A_71.0
UserID_355,voID_355,poID_355,P_86.0,D_50.0,R_30.0,S_83.0,A_41.0
UserID_356,voID_356,poID_356,P_64.0,D_74.0,R_66.0,S_14.0,A_82.0
UserID_357,voID_357,poID_357,P_28.0,D_9.0,R_80.0,S_82.0,A_6.0
UserID_358,voID_358,poID_358,P_7.0,D_94.0,R_64.0,S_8.0,A_28.0
UserID_359,voID_359,poID_359,P_3.0,D_47.0,R_84.0,S_61.0,A_85.0
UserID_360,voID_360,poID_360,P_36.0,D_72.0,R_33.0,S_67.0,A_99.0
UserID_361,voID_361,poID_361,P_50.0,D_53.0,R_45.0,S_86.0,A_12.0
UserID_362,voID_362,poID_362,P_57.0,D_90.0,R_56.0,S_8.0,A_94.0
UserID_363,voID_363,poID_363,P_27.0,D_52.0,R_79.0,S_56.0,A_66.0
UserID_364,voID_364,poID_364,P_56.0,D_22.0,R_17.0,S_77.0,A_10.0
UserID_365,voID_365,poID_365,P_40.0,D_39.0,R_33.0,S_9.0,A_12.0
UserID_366,voID_366,poID_366,P_54.0,D_56.0,R_93.0,S_75.0,A_63.0
UserID_367,voID_367,poID_367,P_60.0,D_17.0,R_68.0,S_5.0,A_84.0
UserID_368,voID_368,poID_368,P_91.0,D_57.0,R_57.0,S_83.0,A_85.0
UserID_369,voID_369,poID_369,P_76.0,D_5.0,R_87.0,S_25.0,A_46.0
UserID_370,voID_370,poID_370,P_63.0,D_7.0,R_26.0,S_16.0,A_7.0
UserID_371,voID_371,poID_371,P_49.0,D_10.0,R_46.0,S_86.0,A_27.0
UserID_372,voID_372,poID_372,P_52.0,D_34.0,R_4.0,S_80.0,A_81.0
UserID_373,voID_373,poID_373,P_6.0,D_24.0,R_12.0,S_59.0,A_50.0
UserID_374,voID_374,poID_374,P_38.0,D_21.0,R_7.0,S_37.0,A_74.0
UserID_375,voID_375,poID_375,P_70.0,D_77.0,R_86.0,S_46.0,A_86.0
UserID_376,voID_376,poID_376,P_26.0,D_27.0,R_90.0,S_3.0,A_44.0
UserID_377,voID_377,poID_377,P_44.0,D_75.0,R_37.0,S_86.0,A_80.0
UserID_378,voID_378,poID_378,P_65.0,D_83.0,R_39.0,S_46.0,A_49.0
UserID_379,voID_379,poID_379,P_87.0,D_28.0,R_9.0,S_40.0,A_75.0
UserID_380,voID_380,poID_380,P_78.0,D_34.0,R_90.0,S_59.0,A_27.0
UserID_381,voID_381,poID_381,P_94.0,D_51.0,R_87.0,S_61.0,A_36.0
UserID_382,voID_382,poID_382,P_29.0,D_32.0,R_83.0,S_5.0,A_10.0
UserID_383,voID_383,poID_383,P_69.0,D_72.0,R_22.0,S_83.0,A_15.0
UserID_384,voID_384,poID_384,P_34.0,D_39.0,R_70.0,S_46.0,A_1.0
UserID_385,voID_385,poID_385,P_10.0,D_44.0,R_89.0,S_68.0,A_93.0
UserID_386,voID_386,poID_386,P_47.0,D_86.0,R_94.0,S_40.0,A_25.0
UserID_387,voID_387,poID_387,P_35.0,D_38.0,R_27.0,S_52.0,A_55.0
UserID_388,voID_388,poID_388,P_51.0,D_4.0,R_78.0,S_94.0,A_50.0
UserID_389,voID_389,poID_389,P_10.0,D_94.0,R_47.0,S_21.0,A_42.0
UserID_390,voID_390,poID_390,P_89.0,D_31.0,R_12.0,S_1.0,A_6.0
UserID_391,voID_391,poID_391,P_90.0,D_85.0,R_23.0,S_37.0,A_4.0
UserID_392,voID_392,poID_392,P_74.0,D_57.0,R_85.0,S_73.0,A_87.0
UserID_393,voID_393,poID_393,P_24.0,D_2.0,R_94.0,S_98.0,A_11.0
UserID_394,voID_394,poID_394,P_97.0,D_52.0,R_85.0,S_25.0,A_53.0
UserID_395,voID_395,poID_395,P_37.0,D_63.0,R_47.0,S_97.0,A_83.0
UserID_396,voID_396,poID_396,P_18.0,D_83.0,R_51.0,S_54.0,A_2.0
UserID_397,voID_397,poID_397,P_11.0,D_37.0,R_57.0,S_94.0,A_51.0
UserID_398,voID_398,poID_398,P_47.0,D_20.0,R_10.0,S_12.0,A_61.0
UserID_399,voID_399,poID_399,P_90.0,D_2.0,R_32.0,S_50.0,A_91.0
UserID_400,voID_400,poID_400,P_80.0,D_59.0,R_36.0,S_45.0,A_74.0
UserID_401,voID_401,poID_401,P_37.0,D_48.0,R_31.0,S_57.0,A_66.0
UserID_402,voID_402,poID_402,P_72.0,D_55.0,R_49.0,S_37.0,A_98.0
UserID_403,voID_403,poID_403,P_91.0,D_37.0,R_96.0,S_46.0,A_88.0
UserID_404,voID_404,poID_404,P_67.0,D_1.0,R_83.0,S_29.0,A_7.0
UserID_405,voID_405,poID_405,P_82.0,D_78.0,R_74.0,S_38.0,A_58.0
UserID_406,voID_406,poID_406,P_97.0,D_85.0,R_62.0,S_20.0,A_75.0
UserID_407,voID_407,poID_407,P_6.0,D_12.0,R_23.0,S_96.0,A_62.0
UserID_408,voID_408,poID_408,P_3.0,D_83.0,R_25.0,S_39.0,A_86.0
UserID_409,voID_409,poID_409,P_3.0,D_74.0,R_19.0,S_43.0,A_61.0
UserID_410,voID_410,poID_410,P_10.0,D_84.0,R_79.0,S_17.0,A_58.0
UserID_411,voID_411,poID_411,P_60.0,D_2.0,R_6.0,S_50.0,A_91.0
UserID_412,voID_412,poID_412,P_82.0,D_2.0,R_8.0,S_29.0,A_4.0
UserID_413,voID_413,poID_413,P_63.0,D_87.0,R_71.0,S_69.0,A_75.0
UserID_414,voID_414,poID_414,P_56.0,D_23.0,R_51.0,S_25.0,A_14.0
UserID_415,voID_415,poID_415,P_33.0,D_11.0,R_72.0,S_97.0,A_53.0
UserID_416,voID_416,poID_416,P_95.0,D_49.0,R_5.0,S_26.0,A_28.0
UserID_417,voID_417,poID_417,P_46.0,D_66.0,R_9.0,S_58.0,A_5.0
UserID_418,voID_418,poID_418,P_54.0,D_10.0,R_69.0,S_46.0,A_91.0
UserID_419,voID_419,poID_419,P_81.0,D_4.0,R_63.0,S_48.0,A_64.0
UserID_420,voID_420,poID_420,P_73.0,D_84.0,R_49.0,S_5.0,A_19.0
UserID_421,voID_421,poID_421,P_97.0,D_80.0,R_4.0,S_4.0,A_63.0
UserID_422,voID_422,poID_422,P_56.0,D_12.0,R_81.0,S_45.0,A_47.0
UserID_423,voID_423,poID_423,P_73.0,D_48.0,R_41.0,S_92.0,A_94.0
UserID_424,voID_424,poID_424,P_85.0,D_37.0,R_16.0,S_12.0,A_65.0
UserID_425,voID_425,poID_425,P_95.0,D_93.0,R_78.0,S_12.0,A_81.0
UserID_426,voID_426,poID_426,P_10.0,D_29.0,R_28.0,S_11.0,A_58.0
UserID_427,voID_427,poID_427,P_10.0,D_24.0,R_27.0,S_73.0,A_7.0
UserID_428,voID_428,poID_428,P_58.0,D_71.0,R_13.0,S_24.0,A_37.0
UserID_429,voID_429,poID_429,P_4.0,D_28.0,R_83.0,S_15.0,A_39.0
UserID_430,voID_430,poID_430,P_9.0,D_26.0,R_1.0,S_71.0,A_60.0
UserID_431,voID_431,poID_431,P_91.0,D_29.0,R_95.0,S_90.0,A_35.0
UserID_432,voID_432,poID_432,P_50.0,D_55.0,R_3.0,S_53.0,A_8.0
UserID_433,voID_433,poID_433,P_4.0,D_22.0,R_71.0,S_79.0,A_60.0
UserID_434,voID_434,poID_434,P_95.0,D_13.0,R_31.0,S_69.0,A_2.0
UserID_435,voID_435,poID_435,P_4.0,D_43.0,R_19.0,S_97.0,A_91.0
UserID_436,voID_436,poID_436,P_11.0,D_58.0,R_78.0,S_84.0,A_61.0
UserID_437,voID_437,poID_437,P_57.0,D_22.0,R_65.0,S_37.0,A_78.0
UserID_438,voID_438,poID_438,P_24.0,D_98.0,R_14.0,S_83.0,A_83.0
UserID_439,voID_439,poID_439,P_73.0,D_2.0,R_68.0,S_61.0,A_23.0
UserID_440,voID_440,poID_440,P_28.0,D_24.0,R_81.0,S_58.0,A_14.0
UserID_441,voID_441,poID_441,P_55.0,D_84.0,R_30.0,S_82.0,A_92.0
UserID_442,voID_442,poID_442,P_1.0,D_51.0,R_93.0,S_96.0,A_5.0
UserID_443,voID_443,poID_443,P_67.0,D_98.0,R_59.0,S_75.0,A_65.0
UserID_444,voID_444,poID_444,P_72.0,D_40.0,R_73.0,S_98.0,A_97.0
UserID_445,voID_445,poID_445,P_86.0,D_31.0,R_77.0,S_17.0,A_88.0
UserID_446,voID_446,poID_446,P_97.0,D_86.0,R_64.0,S_78.0,A_66.0
UserID_447,voID_447,poID_447,P_48.0,D_82.0,R_20.0,S_78.0,A_25.0
UserID_448,voID_448,poID_448,P_20.0,D_6.0,R_6.0,S_76.0,A_87.0
UserID_449,voID_449,poID_449,P_83.0,D_94.0,R_88.0,S_88.0,A_25.0
UserID_450,voID_450,poID_450,P_6.0,D_58.0,R_62.0,S_80.0,A_1.0
UserID_451,voID_451,poID_451,P_37.0,D_4.0,R_2.0,S_34.0,A_40.0
UserID_452,voID_452,poID_452,P_40.0,D_36.0,R_7.0,S_53.0,A_57.0
UserID_453,voID_453,poID_453,P_30.0,D_43.0,R_6.0,S_92.0,A_58.0
UserID_454,voID_454,poID_454,P_3.0,D_82.0,R_53.0,S_65.0,A_15.0
UserID_455,voID_455,poID_455,P_92.0,D_33.0,R_32.0,S_36.0,A_59.0
UserID_456,voID_456,poID_456,P_56.0,D_51.0,R_53.0,S_22.0,A_39.0
UserID_457,voID_457,poID_457,P_95.0,D_48.0,R_30.0,S_52.0,A_95.0
UserID_458,voID_458,poID_458,P_63.0,D_22.0,R_94.0,S_89.0,A_83.0
UserID_459,voID_459,poID_459,P_25.0,D_30.0,R_12.0,S_84.0,A_73.0
UserID_460,voID_460,poID_460,P_42.0,D_83.0,R_19.0,S_96.0,A_93.0
UserID_461,voID_461,poID_461,P_7.0,D_64.0,R_16.0,S_5.0,A_29.0
UserID_462,voID_462,poID_462,P_39.0,D_99.0,R_22.0,S_10.0,A_28.0
UserID_463,voID_463,poID_463,P_57.0,D_19.0,R_8.0,S_5.0,A_60.0
UserID_464,voID_464,poID_464,P_42.0,D_98.0,R_17.0,S_83.0,A_34.0
UserID_465,voID_465,poID_465,P_57.0,D_98.0,R_72.0,S_17.0,A_2.0
UserID_466,voID_466,poID_466,P_24.0,D_8.0,R_91.0,S_18.0,A_56.0
UserID_467,voID_467,poID_467,P_16.0,D_70.0,R_66.0,S_6.0,A_2.0
UserID_468,voID_468,poID_468,P_96.0,D_63.0,R_60.0,S_99.0,A_57.0
UserID_469,voID_469,poID_469,P_3.0,D_78.0,R_79.0,S_37.0,A_35.0
UserID_470,voID_470,poID_470,P_31.0,D_15.0,R_16.0,S_15.0,A_99.0
UserID_471,voID_471,poID_471,P_93.0,D_13.0,R_70.0,S_51.0,A_23.0
UserID_472,voID_472,poID_472,P_24.0,D_31.0,R_30.0,S_75.0,A_40.0
UserID_473,voID_473,poID_473,P_53.0,D_28.0,R_27.0,S_15.0,A_45.0
UserID_474,voID_474,poID_474,P_10.0,D_25.0,R_98.0,S_94.0,A_5.0
UserID_475,voID_475,poID_475,P_77.0,D_1.0,R_98.0,S_81.0,A_85.0
UserID_476,voID_476,poID_476,P_22.0,D_39.0,R_10.0,S_5.0,A_53.0
UserID_477,voID_477,poID_477,P_29.0,D_35.0,R_15.0,S_98.0,A_46.0
UserID_478,voID_478,poID_478,P_88.0,D_55.0,R_34.0,S_63.0,A_78.0
UserID_479,voID_479,poID_479,P_90.0,D_49.0,R_73.0,S_53.0,A_84.0
UserID_480,voID_480,poID_480,P_44.0,D_82.0,R_77.0,S_18.0,A_93.0
UserID_481,voID_481,poID_481,P_97.0,D_97.0,R_31.0,S_82.0,A_25.0
UserID_482,voID_482,poID_482,P_27.0,D_57.0,R_82.0,S_65.0,A_67.0
UserID_483,voID_483,poID_483,P_67.0,D_25.0,R_24.0,S_94.0,A_55.0
UserID_484,voID_484,poID_484,P_26.0,D_58.0,R_3.0,S_12.0,A_13.0
UserID_485,voID_485,poID_485,P_88.0,D_62.0,R_84.0,S_41.0,A_60.0
UserID_486,voID_486,poID_486,P_37.0,D_87.0,R_25.0,S_26.0,A_10.0
UserID_487,voID_487,poID_487,P_72.0,D_99.0,R_2.0,S_24.0,A_29.0
UserID_488,voID_488,poID_488,P_12.0,D_47.0,R_62.0,S_52.0,A_21.0
UserID_489,voID_489,poID_489,P_88.0,D_54.0,R_57.0,S_73.0,A_96.0
UserID_490,voID_490,poID_490,P_68.0,D_75.0,R_16.0,S_84.0,A_16.0
UserID_491,voID_491,poID_491,P_41.0,D_78.0,R_97.0,S_1.0,A_31.0
UserID_492,voID_492,poID_492,P_21.0,D_46.0,R_69.0,S_8.0,A_50.0
UserID_493,voID_493,poID_493,P_41.0,D_8.0,R_8.0,S_72.0,A_85.0
UserID_494,voID_494,poID_494,P_81.0,D_11.0,R_78.0,S_35.0,A_40.0
UserID_495,voID_495,poID_495,P_51.0,D_27.0,R_89.0,S_36.0,A_39.0
UserID_496,voID_496,poID_496,P_27.0,D_17.0,R_41.0,S_84.0,A_6.0
UserID_497,voID_497,poID_497,P_57.0,D_20.0,R_39.0,S_52.0,A_12.0
UserID_498,voID_498,poID_498,P_98.0,D_98.0,R_93.0,S_65.0,A_21.0
UserID_499,voID_499,poID_499,P_3.0,D_61.0,R_87.0,S_16.0,A_99.0
UserID_500,voID_500,poID_500,P_17.0,D_9.0,R_94.0,S_57.0,A_66.0
UserID_501,voID_501,poID_501,P_31.0,D_98.0,R_13.0,S_65.0,A_2.0
UserID_502,voID_502,poID_502,P_70.0,D_14.0,R_33.0,S_28.0,A_20.0
UserID_503,voID_503,poID_503,P_57.0,D_49.0,R_17.0,S_71.0,A_32.0
UserID_504,voID_504,poID_504,P_34.0,D_26.0,R_40.0,S_88.0,A_14.0
UserID_505,voID_505,poID_505,P_23.0,D_13.0,R_28.0,S_58.0,A_80.0
UserID_506,voID_506,poID_506,P_88.0,D_78.0,R_15.0,S_81.0,A_53.0
UserID_507,voID_507,poID_507,P_96.0,D_56.0,R_40.0,S_29.0,A_11.0
UserID_508,voID_508,poID_508,P_90.0,D_87.0,R_65.0,S_51.0,A_59.0
UserID_509,voID_509,poID_509,P_19.0,D_5.0,R_16.0,S_82.0,A_44.0
UserID_510,voID_510,poID_510,P_38.0,D_54.0,R_84.0,S_3.0,A_7.0
UserID_511,voID_511,poID_511,P_90.0,D_59.0,R_60.0,S_44.0,A_31.0
UserID_512,voID_512,poID_512,P_18.0,D_31.0,R_78.0,S_57.0,A_17.0
UserID_513,voID_513,poID_513,P_15.0,D_2.0,R_76.0,S_53.0,A_78.0
UserID_514,voID_514,poID_514,P_13.0,D_1.0,R_8.0,S_1.0,A_10.0
UserID_515,voID_515,poID_515,P_61.0,D_7.0,R_16.0,S_73.0,A_94.0
UserID_516,voID_516,poID_516,P_24.0,D_82.0,R_12.0,S_41.0,A_19.0
UserID_517,voID_517,poID_517,P_57.0,D_22.0,R_75.0,S_33.0,A_39.0
UserID_518,voID_518,poID_518,P_2.0,D_97.0,R_34.0,S_23.0,A_98.0
UserID_519,voID_519,poID_519,P_4.0,D_19.0,R_8.0,S_28.0,A_30.0
UserID_520,voID_520,poID_520,P_33.0,D_25.0,R_54.0,S_89.0,A_30.0
UserID_521,voID_521,poID_521,P_61.0,D_91.0,R_95.0,S_15.0,A_86.0
UserID_522,voID_522,poID_522,P_1.0,D_26.0,R_86.0,S_67.0,A_87.0
UserID_523,voID_523,poID_523,P_59.0,D_15.0,R_70.0,S_19.0,A_51.0
UserID_524,voID_524,poID_524,P_74.0,D_27.0,R_92.0,S_4.0,A_12.0
UserID_525,voID_525,poID_525,P_17.0,D_70.0,R_23.0,S_6.0,A_90.0
UserID_526,voID_526,poID_526,P_1.0,D_59.0,R_89.0,S_65.0,A_84.0
UserID_527,voID_527,poID_527,P_20.0,D_75.0,R_33.0,S_56.0,A_7.0
UserID_528,voID_528,poID_528,P_6.0,D_34.0,R_48.0,S_43.0,A_98.0
UserID_529,voID_529,poID_529,P_66.0,D_1.0,R_61.0,S_91.0,A_92.0
UserID_530,voID_530,poID_530,P_60.0,D_88.0,R_19.0,S_29.0,A_63.0
UserID_531,voID_531,poID_531,P_8.0,D_72.0,R_17.0,S_49.0,A_86.0
UserID_532,voID_532,poID_532,P_39.0,D_42.0,R_93.0,S_12.0,A_91.0
UserID_533,voID_533,poID_533,P_87.0,D_66.0,R_73.0,S_26.0,A_67.0
UserID_534,voID_534,poID_534,P_93.0,D_75.0,R_84.0,S_93.0,A_33.0
UserID_535,voID_535,poID_535,P_16.0,D_59.0,R_83.0,S_29.0,A_46.0
UserID_536,voID_536,poID_536,P_33.0,D_23.0,R_35.0,S_29.0,A_47.0
UserID_537,voID_537,poID_537,P_83.0,D_25.0,R_12.0,S_65.0,A_45.0
UserID_538,voID_538,poID_538,P_79.0,D_96.0,R_68.0,S_6.0,A_55.0
UserID_539,voID_539,poID_539,P_71.0,D_30.0,R_31.0,S_14.0,A_73.0
UserID_540,voID_540,poID_540,P_62.0,D_49.0,R_43.0,S_15.0,A_17.0
UserID_541,voID_541,poID_541,P_56.0,D_69.0,R_91.0,S_10.0,A_85.0
UserID_542,voID_542,poID_542,P_34.0,D_32.0,R_30.0,S_14.0,A_19.0
UserID_543,voID_543,poID_543,P_4.0,D_17.0,R_41.0,S_3.0,A_20.0
UserID_544,voID_544,poID_544,P_60.0,D_88.0,R_99.0,S_55.0,A_38.0
UserID_545,voID_545,poID_545,P_44.0,D_92.0,R_77.0,S_35.0,A_10.0
UserID_546,voID_546,poID_546,P_24.0,D_70.0,R_82.0,S_42.0,A_23.0
UserID_547,voID_547,poID_547,P_78.0,D_58.0,R_25.0,S_8.0,A_1.0
UserID_548,voID_548,poID_548,P_53.0,D_10.0,R_48.0,S_75.0,A_20.0
UserID_549,voID_549,poID_549,P_57.0,D_75.0,R_71.0,S_55.0,A_38.0
UserID_550,voID_550,poID_550,P_33.0,D_10.0,R_33.0,S_47.0,A_46.0
UserID_551,voID_551,poID_551,P_38.0,D_44.0,R_40.0,S_50.0,A_29.0
UserID_552,voID_552,poID_552,P_23.0,D_91.0,R_40.0,S_4.0,A_13.0
UserID_553,voID_553,poID_553,P_98.0,D_12.0,R_87.0,S_88.0,A_3.0
UserID_554,voID_554,poID_554,P_8.0,D_30.0,R_46.0,S_84.0,A_44.0
UserID_555,voID_555,poID_555,P_70.0,D_14.0,R_84.0,S_42.0,A_43.0
UserID_556,voID_556,poID_556,P_83.0,D_43.0,R_57.0,S_24.0,A_67.0
UserID_557,voID_557,poID_557,P_50.0,D_5.0,R_37.0,S_71.0,A_70.0
UserID_558,voID_558,poID_558,P_95.0,D_13.0,R_78.0,S_96.0,A_20.0
UserID_559,voID_559,poID_559,P_40.0,D_77.0,R_40.0,S_57.0,A_28.0
UserID_560,voID_560,poID_560,P_52.0,D_20.0,R_51.0,S_46.0,A_83.0
UserID_561,voID_561,poID_561,P_49.0,D_91.0,R_67.0,S_64.0,A_57.0
UserID_562,voID_562,poID_562,P_62.0,D_68.0,R_52.0,S_17.0,A_75.0
UserID_563,voID_563,poID_563,P_75.0,D_35.0,R_62.0,S_69.0,A_17.0
UserID_564,voID_564,poID_564,P_62.0,D_41.0,R_19.0,S_38.0,A_84.0
UserID_565,voID_565,poID_565,P_20.0,D_30.0,R_56.0,S_60.0,A_8.0
UserID_566,voID_566,poID_566,P_93.0,D_80.0,R_85.0,S_9.0,A_68.0
UserID_567,voID_567,poID_567,P_33.0,D_7.0,R_10.0,S_66.0,A_2.0
UserID_568,voID_568,poID_568,P_71.0,D_80.0,R_60.0,S_68.0,A_40.0
UserID_569,voID_569,poID_569,P_32.0,D_80.0,R_84.0,S_19.0,A_34.0
UserID_570,voID_570,poID_570,P_47.0,D_57.0,R_63.0,S_81.0,A_44.0
UserID_571,voID_571,poID_571,P_42.0,D_29.0,R_5.0,S_27.0,A_74.0
UserID_572,voID_572,poID_572,P_44.0,D_82.0,R_32.0,S_20.0,A_13.0
UserID_573,voID_573,poID_573,P_76.0,D_88.0,R_80.0,S_48.0,A_78.0
UserID_574,voID_574,poID_574,P_32.0,D_61.0,R_69.0,S_14.0,A_51.0
UserID_575,voID_575,poID_575,P_16.0,D_10.0,R_8.0,S_98.0,A_17.0
UserID_576,voID_576,poID_576,P_13.0,D_32.0,R_46.0,S_75.0,A_56.0
UserID_577,voID_577,poID_577,P_71.0,D_96.0,R_40.0,S_81.0,A_84.0
UserID_578,voID_578,poID_578,P_53.0,D_47.0,R_36.0,S_30.0,A_20.0
UserID_579,voID_579,poID_579,P_7.0,D_94.0,R_30.0,S_31.0,A_67.0
UserID_580,voID_580,poID_580,P_23.0,D_48.0,R_37.0,S_98.0,A_58.0
UserID_581,voID_581,poID_581,P_82.0,D_1.0,R_41.0,S_88.0,A_54.0
UserID_582,voID_582,poID_582,P_74.0,D_72.0,R_38.0,S_65.0,A_78.0
UserID_583,voID_583,poID_583,P_63.0,D_8.0,R_11.0,S_80.0,A_15.0
UserID_584,voID_584,poID_584,P_74.0,D_41.0,R_13.0,S_52.0,A_83.0
UserID_585,voID_585,poID_585,P_32.0,D_90.0,R_70.0,S_10.0,A_23.0
UserID_586,voID_586,poID_586,P_93.0,D_57.0,R_42.0,S_72.0,A_24.0
UserID_587,voID_587,poID_587,P_78.0,D_98.0,R_69.0,S_46.0,A_61.0
UserID_588,voID_588,poID_588,P_14.0,D_61.0,R_16.0,S_54.0,A_98.0
UserID_589,voID_589,poID_589,P_59.0,D_33.0,R_14.0,S_25.0,A_80.0
UserID_590,voID_590,poID_590,P_77.0,D_68.0,R_90.0,S_85.0,A_3.0
UserID_591,voID_591,poID_591,P_86.0,D_76.0,R_22.0,S_7.0,A_87.0
UserID_592,voID_592,poID_592,P_9.0,D_65.0,R_22.0,S_53.0,A_68.0
UserID_593,voID_593,poID_593,P_24.0,D_42.0,R_14.0,S_85.0,A_29.0
UserID_594,voID_594,poID_594,P_51.0,D_14.0,R_10.0,S_63.0,A_5.0
UserID_595,voID_595,poID_595,P_99.0,D_62.0,R_96.0,S_39.0,A_94.0
UserID_596,voID_596,poID_596,P_3.0,D_99.0,R_87.0,S_23.0,A_19.0
UserID_597,voID_597,poID_597,P_46.0,D_74.0,R_65.0,S_30.0,A_31.0
UserID_598,voID_598,poID_598,P_72.0,D_61.0,R_61.0,S_86.0,A_24.0
UserID_599,voID_599,poID_599,P_97.0,D_89.0,R_63.0,S_46.0,A_35.0
UserID_600,voID_600,poID_600,P_57.0,D_35.0,R_51.0,S_86.0,A_88.0
UserID_601,voID_601,poID_601,P_98.0,D_37.0,R_84.0,S_62.0,A_61.0
UserID_602,voID_602,poID_602,P_76.0,D_74.0,R_2.0,S_56.0,A_19.0
UserID_603,voID_603,poID_603,P_8.0,D_54.0,R_82.0,S_55.0,A_49.0
UserID_604,voID_604,poID_604,P_61.0,D_34.0,R_98.0,S_67.0,A_56.0
UserID_605,voID_605,poID_605,P_5.0,D_83.0,R_47.0,S_99.0,A_49.0
UserID_606,voID_606,poID_606,P_82.0,D_41.0,R_15.0,S_57.0,A_35.0
UserID_607,voID_607,poID_607,P_10.0,D_30.0,R_68.0,S_64.0,A_95.0
UserID_608,voID_608,poID_608,P_48.0,D_48.0,R_49.0,S_78.0,A_87.0
UserID_609,voID_609,poID_609,P_22.0,D_54.0,R_83.0,S_89.0,A_18.0
UserID_610,voID_610,poID_610,P_91.0,D_40.0,R_29.0,S_84.0,A_73.0
UserID_611,voID_611,poID_611,P_73.0,D_50.0,R_51.0,S_72.0,A_3.0
UserID_612,voID_612,poID_612,P_42.0,D_95.0,R_58.0,S_2.0,A_13.0
UserID_613,voID_613,poID_613,P_3.0,D_12.0,R_66.0,S_63.0,A_32.0
UserID_614,voID_614,poID_614,P_87.0,D_81.0,R_2.0,S_20.0,A_45.0
UserID_615,voID_615,poID_615,P_31.0,D_69.0,R_6.0,S_29.0,A_40.0
UserID_616,voID_616,poID_616,P_82.0,D_88.0,R_35.0,S_39.0,A_80.0
UserID_617,voID_617,poID_617,P_48.0,D_34.0,R_43.0,S_93.0,A_32.0
UserID_618,voID_618,poID_618,P_74.0,D_31.0,R_35.0,S_18.0,A_11.0
UserID_619,voID_619,poID_619,P_89.0,D_75.0,R_30.0,S_93.0,A_79.0
UserID_620,voID_620,poID_620,P_13.0,D_6.0,R_56.0,S_42.0,A_3.0
UserID_621,voID_621,poID_621,P_72.0,D_75.0,R_95.0,S_86.0,A_22.0
UserID_622,voID_622,poID_622,P_30.0,D_37.0,R_96.0,S_35.0,A_1.0
UserID_623,voID_623,poID_623,P_73.0,D_78.0,R_18.0,S_65.0,A_61.0
UserID_624,voID_624,poID_624,P_98.0,D_53.0,R_57.0,S_36.0,A_95.0
UserID_625,voID_625,poID_625,P_20.0,D_47.0,R_4.0,S_17.0,A_91.0
UserID_626,voID_626,poID_626,P_33.0,D_66.0,R_51.0,S_1.0,A_42.0
UserID_627,voID_627,poID_627,P_33.0,D_5.0,R_64.0,S_65.0,A_97.0
UserID_628,voID_628,poID_628,P_40.0,D_32.0,R_69.0,S_54.0,A_42.0
UserID_629,voID_629,poID_629,P_78.0,D_56.0,R_2.0,S_5.0,A_65.0
UserID_630,voID_630,poID_630,P_74.0,D_85.0,R_70.0,S_88.0,A_31.0
UserID_631,voID_631,poID_631,P_65.0,D_77.0,R_33.0,S_39.0,A_73.0
UserID_632,voID_632,poID_632,P_28.0,D_31.0,R_52.0,S_23.0,A_26.0
UserID_633,voID_633,poID_633,P_65.0,D_14.0,R_85.0,S_69.0,A_67.0
UserID_634,voID_634,poID_634,P_41.0,D_53.0,R_51.0,S_71.0,A_20.0
UserID_635,voID_635,poID_635,P_30.0,D_48.0,R_83.0,S_18.0,A_10.0
UserID_636,voID_636,poID_636,P_70.0,D_20.0,R_95.0,S_87.0,A_99.0
UserID_637,voID_637,poID_637,P_26.0,D_83.0,R_51.0,S_35.0,A_76.0
UserID_638,voID_638,poID_638,P_56.0,D_37.0,R_26.0,S_37.0,A_46.0
UserID_639,voID_639,poID_639,P_5.0,D_46.0,R_44.0,S_87.0,A_11.0
UserID_640,voID_640,poID_640,P_85.0,D_78.0,R_65.0,S_79.0,A_80.0
UserID_641,voID_641,poID_641,P_16.0,D_89.0,R_3.0,S_21.0,A_16.0
UserID_642,voID_642,poID_642,P_33.0,D_52.0,R_32.0,S_69.0,A_71.0
UserID_643,voID_643,poID_643,P_11.0,D_25.0,R_10.0,S_93.0,A_65.0
UserID_644,voID_644,poID_644,P_26.0,D_43.0,R_14.0,S_49.0,A_12.0
UserID_645,voID_645,poID_645,P_74.0,D_87.0,R_85.0,S_79.0,A_81.0
UserID_646,voID_646,poID_646,P_3.0,D_80.0,R_1.0,S_34.0,A_26.0
UserID_647,voID_647,poID_647,P_2.0,D_95.0,R_60.0,S_77.0,A_45.0
UserID_648,voID_648,poID_648,P_73.0,D_81.0,R_50.0,S_62.0,A_4.0
UserID_649,voID_649,poID_649,P_41.0,D_23.0,R_13.0,S_67.0,A_40.0
UserID_650,voID_650,poID_650,P_18.0,D_72.0,R_58.0,S_72.0,A_83.0
UserID_651,voID_651,poID_651,P_38.0,D_45.0,R_55.0,S_28.0,A_59.0
UserID_652,voID_652,poID_652,P_72.0,D_58.0,R_27.0,S_81.0,A_80.0
UserID_653,voID_653,poID_653,P_32.0,D_89.0,R_18.0,S_8.0,A_82.0
UserID_654,voID_654,poID_654,P_28.0,D_38.0,R_73.0,S_1.0,A_72.0
UserID_655,voID_655,poID_655,P_62.0,D_47.0,R_59.0,S_1.0,A_32.0
UserID_656,voID_656,poID_656,P_46.0,D_90.0,R_75.0,S_48.0,A_27.0
UserID_657,voID_657,poID_657,P_41.0,D_24.0,R_8.0,S_75.0,A_60.0
UserID_658,voID_658,poID_658,P_18.0,D_20.0,R_26.0,S_32.0,A_83.0
UserID_659,voID_659,poID_659,P_97.0,D_38.0,R_76.0,S_71.0,A_72.0
UserID_660,voID_660,poID_660,P_40.0,D_83.0,R_47.0,S_76.0,A_28.0
UserID_661,voID_661,poID_661,P_40.0,D_50.0,R_27.0,S_79.0,A_68.0
UserID_662,voID_662,poID_662,P_2.0,D_16.0,R_31.0,S_53.0,A_66.0
UserID_663,voID_663,poID_663,P_29.0,D_31.0,R_99.0,S_9.0,A_30.0
UserID_664,voID_664,poID_664,P_88.0,D_4.0,R_29.0,S_86.0,A_99.0
UserID_665,voID_665,poID_665,P_77.0,D_11.0,R_36.0,S_79.0,A_11.0
UserID_666,voID_666,poID_666,P_60.0,D_59.0,R_25.0,S_72.0,A_19.0
UserID_667,voID_667,poID_667,P_98.0,D_98.0,R_33.0,S_33.0,A_88.0
UserID_668,voID_668,poID_668,P_45.0,D_34.0,R_39.0,S_87.0,A_44.0
UserID_669,voID_669,poID_669,P_46.0,D_9.0,R_60.0,S_86.0,A_85.0
UserID_670,voID_670,poID_670,P_69.0,D_23.0,R_72.0,S_34.0,A_27.0
UserID_671,voID_671,poID_671,P_12.0,D_17.0,R_49.0,S_6.0,A_67.0
UserID_672,voID_672,poID_672,P_11.0,D_74.0,R_38.0,S_17.0,A_9.0
UserID_673,voID_673,poID_673,P_5.0,D_22.0,R_22.0,S_84.0,A_17.0
UserID_674,voID_674,poID_674,P_44.0,D_70.0,R_33.0,S_97.0,A_84.0
UserID_675,voID_675,poID_675,P_82.0,D_41.0,R_10.0,S_85.0,A_59.0
UserID_676,voID_676,poID_676,P_78.0,D_1.0,R_1.0,S_35.0,A_74.0
UserID_677,voID_677,poID_677,P_80.0,D_38.0,R_24.0,S_92.0,A_41.0
UserID_678,voID_678,poID_678,P_80.0,D_18.0,R_70.0,S_43.0,A_2.0
UserID_679,voID_679,poID_679,P_79.0,D_88.0,R_88.0,S_29.0,A_16.0
UserID_680,voID_680,poID_680,P_35.0,D_51.0,R_25.0,S_56.0,A_56.0
UserID_681,voID_681,poID_681,P_14.0,D_80.0,R_93.0,S_40.0,A_95.0
UserID_682,voID_682,poID_682,P_60.0,D_52.0,R_68.0,S_97.0,A_91.0
UserID_683,voID_683,poID_683,P_27.0,D_92.0,R_25.0,S_36.0,A_34.0
UserID_684,voID_684,poID_684,P_96.0,D_60.0,R_57.0,S_92.0,A_44.0
UserID_685,voID_685,poID_685,P_1.0,D_17.0,R_25.0,S_64.0,A_79.0
UserID_686,voID_686,poID_686,P_69.0,D_87.0,R_33.0,S_93.0,A_72.0
UserID_687,voID_687,poID_687,P_90.0,D_67.0,R_75.0,S_20.0,A_23.0
UserID_688,voID_688,poID_688,P_60.0,D_40.0,R_33.0,S_3.0,A_3.0
UserID_689,voID_689,poID_689,P_94.0,D_58.0,R_68.0,S_64.0,A_58.0
UserID_690,voID_690,poID_690,P_53.0,D_47.0,R_14.0,S_34.0,A_5.0
UserID_691,voID_691,poID_691,P_91.0,D_25.0,R_85.0,S_82.0,A_54.0
UserID_692,voID_692,poID_692,P_66.0,D_19.0,R_62.0,S_40.0,A_84.0
UserID_693,voID_693,poID_693,P_68.0,D_6.0,R_24.0,S_53.0,A_77.0
UserID_694,voID_694,poID_694,P_37.0,D_14.0,R_31.0,S_46.0,A_33.0
UserID_695,voID_695,poID_695,P_5.0,D_54.0,R_69.0,S_9.0,A_54.0
UserID_696,voID_696,poID_696,P_88.0,D_73.0,R_68.0,S_24.0,A_15.0
UserID_697,voID_697,poID_697,P_58.0,D_30.0,R_10.0,S_72.0,A_5.0
UserID_698,voID_698,poID_698,P_84.0,D_74.0,R_63.0,S_38.0,A_92.0
UserID_699,voID_699,poID_699,P_98.0,D_20.0,R_19.0,S_67.0,A_40.0
UserID_700,voID_700,poID_700,P_6.0,D_84.0,R_89.0,S_21.0,A_25.0
UserID_701,voID_701,poID_701,P_49.0,D_88.0,R_28.0,S_44.0,A_1.0
UserID_702,voID_702,poID_702,P_1.0,D_21.0,R_76.0,S_66.0,A_92.0
UserID_703,voID_703,poID_703,P_54.0,D_15.0,R_62.0,S_5.0,A_88.0
UserID_704,voID_704,poID_704,P_20.0,D_2.0,R_66.0,S_45.0,A_39.0
UserID_705,voID_705,poID_705,P_44.0,D_94.0,R_98.0,S_36.0,A_95.0
UserID_706,voID_706,poID_706,P_8.0,D_60.0,R_41.0,S_25.0,A_40.0
UserID_707,voID_707,poID_707,P_44.0,D_34.0,R_90.0,S_15.0,A_40.0
UserID_708,voID_708,poID_708,P_2.0,D_56.0,R_52.0,S_9.0,A_35.0
UserID_709,voID_709,poID_709,P_15.0,D_45.0,R_70.0,S_19.0,A_91.0
UserID_710,voID_710,poID_710,P_57.0,D_52.0,R_42.0,S_39.0,A_82.0
UserID_711,voID_711,poID_711,P_33.0,D_37.0,R_38.0,S_45.0,A_10.0
UserID_712,voID_712,poID_712,P_81.0,D_7.0,R_90.0,S_24.0,A_65.0
UserID_713,voID_713,poID_713,P_2.0,D_86.0,R_96.0,S_70.0,A_48.0
UserID_714,voID_714,poID_714,P_43.0,D_80.0,R_34.0,S_67.0,A_69.0
UserID_715,voID_715,poID_715,P_97.0,D_65.0,R_63.0,S_64.0,A_83.0
UserID_716,voID_716,poID_716,P_6.0,D_24.0,R_70.0,S_10.0,A_57.0
UserID_717,voID_717,poID_717,P_74.0,D_64.0,R_77.0,S_56.0,A_61.0
UserID_718,voID_718,poID_718,P_82.0,D_96.0,R_36.0,S_63.0,A_27.0
UserID_719,voID_719,poID_719,P_48.0,D_87.0,R_48.0,S_82.0,A_87.0
UserID_720,voID_720,poID_720,P_42.0,D_71.0,R_32.0,S_39.0,A_47.0
UserID_721,voID_721,poID_721,P_33.0,D_34.0,R_77.0,S_96.0,A_66.0
UserID_722,voID_722,poID_722,P_61.0,D_48.0,R_56.0,S_86.0,A_5.0
UserID_723,voID_723,poID_723,P_61.0,D_58.0,R_25.0,S_14.0,A_30.0
UserID_724,voID_724,poID_724,P_3.0,D_8.0,R_22.0,S_58.0,A_60.0
UserID_725,voID_725,poID_725,P_49.0,D_55.0,R_39.0,S_3.0,A_29.0
UserID_726,voID_726,poID_726,P_34.0,D_45.0,R_10.0,S_3.0,A_39.0
UserID_727,voID_727,poID_727,P_74.0,D_48.0,R_40.0,S_52.0,A_58.0
UserID_728,voID_728,poID_728,P_48.0,D_74.0,R_89.0,S_54.0,A_14.0
UserID_729,voID_729,poID_729,P_16.0,D_49.0,R_17.0,S_62.0,A_46.0
UserID_730,voID_730,poID_730,P_2.0,D_32.0,R_35.0,S_60.0,A_84.0
UserID_731,voID_731,poID_731,P_77.0,D_52.0,R_25.0,S_67.0,A_71.0
UserID_732,voID_732,poID_732,P_51.0,D_16.0,R_56.0,S_72.0,A_80.0
UserID_733,voID_733,poID_733,P_42.0,D_22.0,R_80.0,S_98.0,A_16.0
UserID_734,voID_734,poID_734,P_46.0,D_9.0,R_34.0,S_59.0,A_36.0
UserID_735,voID_735,poID_735,P_94.0,D_25.0,R_1.0,S_3.0,A_68.0
UserID_736,voID_736,poID_736,P_74.0,D_58.0,R_7.0,S_78.0,A_69.0
UserID_737,voID_737,poID_737,P_32.0,D_36.0,R_50.0,S_38.0,A_22.0
UserID_738,voID_738,poID_738,P_81.0,D_31.0,R_39.0,S_68.0,A_64.0
UserID_739,voID_739,poID_739,P_59.0,D_7.0,R_8.0,S_30.0,A_81.0
UserID_740,voID_740,poID_740,P_86.0,D_66.0,R_83.0,S_47.0,A_1.0
UserID_741,voID_741,poID_741,P_86.0,D_10.0,R_88.0,S_94.0,A_51.0
UserID_742,voID_742,poID_742,P_75.0,D_87.0,R_36.0,S_25.0,A_56.0
UserID_743,voID_743,poID_743,P_87.0,D_12.0,R_25.0,S_12.0,A_86.0
UserID_744,voID_744,poID_744,P_3.0,D_78.0,R_67.0,S_50.0,A_52.0
UserID_745,voID_745,poID_745,P_29.0,D_67.0,R_75.0,S_59.0,A_8.0
UserID_746,voID_746,poID_746,P_20.0,D_51.0,R_45.0,S_32.0,A_59.0
UserID_747,voID_747,poID_747,P_49.0,D_31.0,R_19.0,S_60.0,A_45.0
UserID_748,voID_748,poID_748,P_85.0,D_65.0,R_82.0,S_61.0,A_79.0
UserID_749,voID_749,poID_749,P_25.0,D_18.0,R_39.0,S_89.0,A_80.0
UserID_750,voID_750,poID_750,P_66.0,D_65.0,R_94.0,S_80.0,A_98.0
UserID_751,voID_751,poID_751,P_23.0,D_18.0,R_78.0,S_91.0,A_30.0
UserID_752,voID_752,poID_752,P_26.0,D_51.0,R_85.0,S_75.0,A_94.0
UserID_753,voID_753,poID_753,P_53.0,D_15.0,R_41.0,S_53.0,A_87.0
UserID_754,voID_754,poID_754,P_48.0,D_15.0,R_34.0,S_4.0,A_26.0
UserID_755,voID_755,poID_755,P_17.0,D_88.0,R_48.0,S_8.0,A_9.0
UserID_756,voID_756,poID_756,P_12.0,D_35.0,R_1.0,S_46.0,A_59.0
UserID_757,voID_757,poID_757,P_83.0,D_21.0,R_53.0,S_83.0,A_14.0
UserID_758,voID_758,poID_758,P_60.0,D_6.0,R_93.0,S_71.0,A_83.0
UserID_759,voID_759,poID_759,P_71.0,D_90.0,R_84.0,S_86.0,A_92.0
UserID_760,voID_760,poID_760,P_2.0,D_65.0,R_40.0,S_22.0,A_90.0
UserID_761,voID_761,poID_761,P_55.0,D_24.0,R_27.0,S_5.0,A_73.0
UserID_762,voID_762,poID_762,P_90.0,D_42.0,R_95.0,S_54.0,A_22.0
UserID_763,voID_763,poID_763,P_98.0,D_91.0,R_70.0,S_78.0,A_46.0
UserID_764,voID_764,poID_764,P_5.0,D_51.0,R_62.0,S_90.0,A_62.0
UserID_765,voID_765,poID_765,P_3.0,D_4.0,R_11.0,S_71.0,A_60.0
UserID_766,voID_766,poID_766,P_84.0,D_83.0,R_95.0,S_76.0,A_14.0
UserID_767,voID_767,poID_767,P_40.0,D_12.0,R_36.0,S_35.0,A_15.0
UserID_768,voID_768,poID_768,P_38.0,D_33.0,R_78.0,S_7.0,A_13.0
UserID_769,voID_769,poID_769,P_85.0,D_45.0,R_13.0,S_76.0,A_95.0
UserID_770,voID_770,poID_770,P_75.0,D_79.0,R_13.0,S_87.0,A_81.0
UserID_771,voID_771,poID_771,P_62.0,D_55.0,R_48.0,S_70.0,A_80.0
UserID_772,voID_772,poID_772,P_23.0,D_37.0,R_24.0,S_60.0,A_18.0
UserID_773,voID_773,poID_773,P_88.0,D_21.0,R_62.0,S_71.0,A_43.0
UserID_774,voID_774,poID_774,P_54.0,D_59.0,R_77.0,S_72.0,A_78.0
UserID_775,voID_775,poID_775,P_16.0,D_61.0,R_66.0,S_25.0,A_24.0
UserID_776,voID_776,poID_776,P_76.0,D_84.0,R_49.0,S_67.0,A_78.0
UserID_777,voID_777,poID_777,P_86.0,D_75.0,R_36.0,S_24.0,A_39.0
UserID_778,voID_778,poID_778,P_76.0,D_8.0,R_87.0,S_40.0,A_59.0
UserID_779,voID_779,poID_779,P_58.0,D_92.0,R_39.0,S_84.0,A_7.0
UserID_780,voID_780,poID_780,P_48.0,D_1.0,R_29.0,S_15.0,A_72.0
UserID_781,voID_781,poID_781,P_67.0,D_76.0,R_96.0,S_79.0,A_97.0
UserID_782,voID_782,poID_782,P_99.0,D_61.0,R_81.0,S_38.0,A_76.0
UserID_783,voID_783,poID_783,P_83.0,D_68.0,R_10.0,S_54.0,A_97.0
UserID_784,voID_784,poID_784,P_26.0,D_85.0,R_83.0,S_32.0,A_52.0
UserID_785,voID_785,poID_785,P_49.0,D_5.0,R_97.0,S_28.0,A_96.0
UserID_786,voID_786,poID_786,P_9.0,D_51.0,R_98.0,S_9.0,A_16.0
UserID_787,voID_787,poID_787,P_73.0,D_50.0,R_24.0,S_25.0,A_28.0
UserID_788,voID_788,poID_788,P_73.0,D_90.0,R_30.0,S_85.0,A_27.0
UserID_789,voID_789,poID_789,P_21.0,D_11.0,R_21.0,S_26.0,A_47.0
UserID_790,voID_790,poID_790,P_48.0,D_53.0,R_44.0,S_84.0,A_28.0
UserID_791,voID_791,poID_791,P_1.0,D_90.0,R_32.0,S_7.0,A_11.0
UserID_792,voID_792,poID_792,P_46.0,D_86.0,R_99.0,S_22.0,A_21.0
UserID_793,voID_793,poID_793,P_39.0,D_42.0,R_36.0,S_38.0,A_21.0
UserID_794,voID_794,poID_794,P_27.0,D_50.0,R_23.0,S_21.0,A_57.0
UserID_795,voID_795,poID_795,P_42.0,D_1.0,R_83.0,S_90.0,A_69.0
UserID_796,voID_796,poID_796,P_42.0,D_64.0,R_2.0,S_37.0,A_23.0
UserID_797,voID_797,poID_797,P_9.0,D_54.0,R_86.0,S_26.0,A_30.0
UserID_798,voID_798,poID_798,P_83.0,D_91.0,R_3.0,S_96.0,A_31.0
UserID_799,voID_799,poID_799,P_61.0,D_35.0,R_39.0,S_93.0,A_42.0
UserID_800,voID_800,poID_800,P_82.0,D_20.0,R_15.0,S_33.0,A_10.0
UserID_801,voID_801,poID_801,P_35.0,D_61.0,R_28.0,S_38.0,A_82.0
UserID_802,voID_802,poID_802,P_78.0,D_47.0,R_3.0,S_65.0,A_61.0
UserID_803,voID_803,poID_803,P_57.0,D_19.0,R_28.0,S_96.0,A_65.0
UserID_804,voID_804,poID_804,P_15.0,D_35.0,R_61.0,S_46.0,A_93.0
UserID_805,voID_805,poID_805,P_10.0,D_21.0,R_32.0,S_27.0,A_35.0
UserID_806,voID_806,poID_806,P_21.0,D_51.0,R_31.0,S_57.0,A_30.0
UserID_807,voID_807,poID_807,P_7.0,D_54.0,R_18.0,S_80.0,A_6.0
UserID_808,voID_808,poID_808,P_24.0,D_73.0,R_60.0,S_91.0,A_71.0
UserID_809,voID_809,poID_809,P_70.0,D_23.0,R_35.0,S_56.0,A_35.0
UserID_810,voID_810,poID_810,P_18.0,D_37.0,R_47.0,S_44.0,A_68.0
UserID_811,voID_811,poID_811,P_46.0,D_29.0,R_36.0,S_18.0,A_23.0
UserID_812,voID_812,poID_812,P_58.0,D_32.0,R_42.0,S_40.0,A_64.0
UserID_813,voID_813,poID_813,P_25.0,D_41.0,R_92.0,S_97.0,A_53.0
UserID_814,voID_814,poID_814,P_89.0,D_4.0,R_85.0,S_13.0,A_35.0
UserID_815,voID_815,poID_815,P_97.0,D_61.0,R_76.0,S_3.0,A_50.0
UserID_816,voID_816,poID_816,P_80.0,D_45.0,R_9.0,S_62.0,A_42.0
UserID_817,voID_817,poID_817,P_7.0,D_9.0,R_17.0,S_16.0,A_25.0
UserID_818,voID_818,poID_818,P_6.0,D_33.0,R_78.0,S_11.0,A_89.0
UserID_819,voID_819,poID_819,P_96.0,D_58.0,R_95.0,S_99.0,A_37.0
UserID_820,voID_820,poID_820,P_69.0,D_60.0,R_64.0,S_53.0,A_91.0
UserID_821,voID_821,poID_821,P_40.0,D_55.0,R_81.0,S_87.0,A_8.0
UserID_822,voID_822,poID_822,P_2.0,D_78.0,R_77.0,S_64.0,A_39.0
UserID_823,voID_823,poID_823,P_18.0,D_97.0,R_47.0,S_34.0,A_40.0
UserID_824,voID_824,poID_824,P_29.0,D_43.0,R_34.0,S_44.0,A_16.0
UserID_825,voID_825,poID_825,P_66.0,D_49.0,R_49.0,S_80.0,A_50.0
UserID_826,voID_826,poID_826,P_73.0,D_93.0,R_77.0,S_23.0,A_79.0
UserID_827,voID_827,poID_827,P_16.0,D_85.0,R_42.0,S_4.0,A_82.0
UserID_828,voID_828,poID_828,P_10.0,D_65.0,R_73.0,S_71.0,A_19.0
UserID_829,voID_829,poID_829,P_66.0,D_78.0,R_98.0,S_77.0,A_28.0
UserID_830,voID_830,poID_830,P_3.0,D_57.0,R_10.0,S_85.0,A_59.0
UserID_831,voID_831,poID_831,P_18.0,D_16.0,R_60.0,S_44.0,A_2.0
UserID_832,voID_832,poID_832,P_32.0,D_89.0,R_37.0,S_27.0,A_75.0
UserID_833,voID_833,poID_833,P_72.0,D_6.0,R_8.0,S_71.0,A_11.0
UserID_834,voID_834,poID_834,P_3.0,D_30.0,R_53.0,S_9.0,A_2.0
UserID_835,voID_835,poID_835,P_42.0,D_55.0,R_54.0,S_71.0,A_78.0
UserID_836,voID_836,poID_836,P_91.0,D_58.0,R_84.0,S_62.0,A_21.0
UserID_837,voID_837,poID_837,P_75.0,D_18.0,R_48.0,S_86.0,A_45.0
UserID_838,voID_838,poID_838,P_63.0,D_17.0,R_26.0,S_90.0,A_53.0
UserID_839,voID_839,poID_839,P_73.0,D_18.0,R_89.0,S_35.0,A_75.0
UserID_840,voID_840,poID_840,P_74.0,D_14.0,R_43.0,S_53.0,A_60.0
UserID_841,voID_841,poID_841,P_40.0,D_73.0,R_18.0,S_20.0,A_72.0
UserID_842,voID_842,poID_842,P_7.0,D_32.0,R_22.0,S_52.0,A_37.0
UserID_843,voID_843,poID_843,P_52.0,D_53.0,R_30.0,S_35.0,A_16.0
UserID_844,voID_844,poID_844,P_42.0,D_89.0,R_46.0,S_14.0,A_15.0
UserID_845,voID_845,poID_845,P_89.0,D_59.0,R_1.0,S_66.0,A_52.0
UserID_846,voID_846,poID_846,P_61.0,D_51.0,R_73.0,S_30.0,A_67.0
UserID_847,voID_847,poID_847,P_54.0,D_66.0,R_12.0,S_21.0,A_75.0
UserID_848,voID_848,poID_848,P_51.0,D_44.0,R_25.0,S_87.0,A_70.0
UserID_849,voID_849,poID_849,P_60.0,D_74.0,R_99.0,S_30.0,A_81.0
UserID_850,voID_850,poID_850,P_42.0,D_50.0,R_75.0,S_92.0,A_98.0
UserID_851,voID_851,poID_851,P_47.0,D_21.0,R_89.0,S_40.0,A_81.0
UserID_852,voID_852,poID_852,P_63.0,D_40.0,R_43.0,S_48.0,A_76.0
UserID_853,voID_853,poID_853,P_23.0,D_76.0,R_77.0,S_57.0,A_49.0
UserID_854,voID_854,poID_854,P_43.0,D_15.0,R_47.0,S_15.0,A_69.0
UserID_855,voID_855,poID_855,P_45.0,D_72.0,R_38.0,S_16.0,A_2.0
UserID_856,voID_856,poID_856,P_7.0,D_17.0,R_15.0,S_56.0,A_49.0
UserID_857,voID_857,poID_857,P_14.0,D_94.0,R_1.0,S_69.0,A_80.0
UserID_858,voID_858,poID_858,P_86.0,D_26.0,R_20.0,S_68.0,A_21.0
UserID_859,voID_859,poID_859,P_13.0,D_30.0,R_52.0,S_78.0,A_82.0
UserID_860,voID_860,poID_860,P_72.0,D_55.0,R_33.0,S_79.0,A_45.0
UserID_861,voID_861,poID_861,P_76.0,D_49.0,R_25.0,S_53.0,A_44.0
UserID_862,voID_862,poID_862,P_42.0,D_79.0,R_54.0,S_3.0,A_17.0
UserID_863,voID_863,poID_863,P_38.0,D_12.0,R_2.0,S_2.0,A_73.0
UserID_864,voID_864,poID_864,P_93.0,D_98.0,R_27.0,S_83.0,A_78.0
UserID_865,voID_865,poID_865,P_84.0,D_50.0,R_15.0,S_75.0,A_25.0
UserID_866,voID_866,poID_866,P_3.0,D_40.0,R_72.0,S_25.0,A_20.0
UserID_867,voID_867,poID_867,P_34.0,D_41.0,R_50.0,S_95.0,A_86.0
UserID_868,voID_868,poID_868,P_65.0,D_11.0,R_29.0,S_94.0,A_52.0
UserID_869,voID_869,poID_869,P_58.0,D_35.0,R_22.0,S_66.0,A_80.0
UserID_870,voID_870,poID_870,P_79.0,D_93.0,R_11.0,S_37.0,A_17.0
UserID_871,voID_871,poID_871,P_80.0,D_93.0,R_25.0,S_72.0,A_21.0
UserID_872,voID_872,poID_872,P_26.0,D_34.0,R_86.0,S_56.0,A_91.0
UserID_873,voID_873,poID_873,P_98.0,D_87.0,R_4.0,S_52.0,A_55.0
UserID_874,voID_874,poID_874,P_60.0,D_80.0,R_96.0,S_66.0,A_53.0
UserID_875,voID_875,poID_875,P_63.0,D_77.0,R_93.0,S_99.0,A_85.0
UserID_876,voID_876,poID_876,P_1.0,D_57.0,R_34.0,S_99.0,A_3.0
UserID_877,voID_877,poID_877,P_97.0,D_60.0,R_51.0,S_56.0,A_78.0
UserID_878,voID_878,poID_878,P_38.0,D_56.0,R_89.0,S_93.0,A_98.0
UserID_879,voID_879,poID_879,P_46.0,D_29.0,R_9.0,S_26.0,A_92.0
UserID_880,voID_880,poID_880,P_76.0,D_40.0,R_93.0,S_63.0,A_36.0
UserID_881,voID_881,poID_881,P_48.0,D_71.0,R_52.0,S_6.0,A_89.0
UserID_882,voID_882,poID_882,P_83.0,D_22.0,R_96.0,S_44.0,A_40.0
UserID_883,voID_883,poID_883,P_79.0,D_73.0,R_37.0,S_81.0,A_62.0
UserID_884,voID_884,poID_884,P_14.0,D_78.0,R_62.0,S_26.0,A_73.0
UserID_885,voID_885,poID_885,P_71.0,D_51.0,R_35.0,S_44.0,A_68.0
UserID_886,voID_886,poID_886,P_91.0,D_51.0,R_65.0,S_14.0,A_22.0
UserID_887,voID_887,poID_887,P_93.0,D_47.0,R_4.0,S_63.0,A_8.0
UserID_888,voID_888,poID_888,P_70.0,D_18.0,R_73.0,S_27.0,A_20.0
UserID_889,voID_889,poID_889,P_69.0,D_90.0,R_99.0,S_35.0,A_48.0
UserID_890,voID_890,poID_890,P_86.0,D_82.0,R_15.0,S_3.0,A_97.0
UserID_891,voID_891,poID_891,P_17.0,D_5.0,R_90.0,S_45.0,A_99.0
UserID_892,voID_892,poID_892,P_23.0,D_26.0,R_22.0,S_42.0,A_44.0
UserID_893,voID_893,poID_893,P_39.0,D_32.0,R_18.0,S_18.0,A_19.0
UserID_894,voID_894,poID_894,P_69.0,D_81.0,R_37.0,S_75.0,A_96.0
UserID_895,voID_895,poID_895,P_53.0,D_9.0,R_47.0,S_30.0,A_32.0
UserID_896,voID_896,poID_896,P_7.0,D_54.0,R_91.0,S_51.0,A_59.0
UserID_897,voID_897,poID_897,P_68.0,D_47.0,R_18.0,S_70.0,A_8.0
UserID_898,voID_898,poID_898,P_8.0,D_51.0,R_41.0,S_30.0,A_69.0
UserID_899,voID_899,poID_899,P_83.0,D_51.0,R_38.0,S_77.0,A_24.0
UserID_900,voID_900,poID_900,P_16.0,D_76.0,R_45.0,S_72.0,A_90.0
UserID_901,voID_901,poID_901,P_30.0,D_8.0,R_49.0,S_38.0,A_39.0
UserID_902,voID_902,poID_902,P_4.0,D_92.0,R_78.0,S_32.0,A_21.0
UserID_903,voID_903,poID_903,P_44.0,D_78.0,R_64.0,S_64.0,A_5.0
UserID_904,voID_904,poID_904,P_96.0,D_90.0,R_2.0,S_52.0,A_99.0
UserID_905,voID_905,poID_905,P_53.0,D_40.0,R_1.0,S_67.0,A_25.0
UserID_906,voID_906,poID_906,P_80.0,D_74.0,R_68.0,S_1.0,A_20.0
UserID_907,voID_907,poID_907,P_9.0,D_24.0,R_69.0,S_86.0,A_18.0
UserID_908,voID_908,poID_908,P_70.0,D_71.0,R_72.0,S_4.0,A_70.0
UserID_909,voID_909,poID_909,P_39.0,D_49.0,R_47.0,S_4.0,A_28.0
UserID_910,voID_910,poID_910,P_35.0,D_60.0,R_57.0,S_41.0,A_41.0
UserID_911,voID_911,poID_911,P_41.0,D_85.0,R_79.0,S_32.0,A_3.0
UserID_912,voID_912,poID_912,P_45.0,D_69.0,R_63.0,S_31.0,A_74.0
UserID_913,voID_913,poID_913,P_11.0,D_4.0,R_26.0,S_48.0,A_74.0
UserID_914,voID_914,poID_914,P_43.0,D_53.0,R_2.0,S_5.0,A_85.0
UserID_915,voID_915,poID_915,P_3.0,D_77.0,R_66.0,S_13.0,A_10.0
UserID_916,voID_916,poID_916,P_18.0,D_31.0,R_45.0,S_39.0,A_6.0
UserID_917,voID_917,poID_917,P_78.0,D_39.0,R_65.0,S_87.0,A_90.0
UserID_918,voID_918,poID_918,P_60.0,D_27.0,R_63.0,S_16.0,A_27.0
UserID_919,voID_919,poID_919,P_97.0,D_32.0,R_84.0,S_76.0,A_12.0
UserID_920,voID_920,poID_920,P_72.0,D_57.0,R_37.0,S_31.0,A_59.0
UserID_921,voID_921,poID_921,P_1.0,D_56.0,R_79.0,S_10.0,A_8.0
UserID_922,voID_922,poID_922,P_25.0,D_10.0,R_32.0,S_60.0,A_8.0
UserID_923,voID_923,poID_923,P_63.0,D_44.0,R_84.0,S_42.0,A_65.0
UserID_924,voID_924,poID_924,P_3.0,D_79.0,R_81.0,S_31.0,A_53.0
UserID_925,voID_925,poID_925,P_75.0,D_31.0,R_44.0,S_70.0,A_34.0
UserID_926,voID_926,poID_926,P_9.0,D_96.0,R_96.0,S_77.0,A_81.0
UserID_927,voID_927,poID_927,P_15.0,D_49.0,R_18.0,S_22.0,A_3.0
UserID_928,voID_928,poID_928,P_7.0,D_15.0,R_39.0,S_57.0,A_25.0
UserID_929,voID_929,poID_929,P_49.0,D_95.0,R_31.0,S_45.0,A_5.0
UserID_930,voID_930,poID_930,P_19.0,D_85.0,R_53.0,S_21.0,A_92.0
UserID_931,voID_931,poID_931,P_39.0,D_75.0,R_72.0,S_21.0,A_69.0
UserID_932,voID_932,poID_932,P_87.0,D_25.0,R_37.0,S_54.0,A_31.0
UserID_933,voID_933,poID_933,P_62.0,D_78.0,R_40.0,S_26.0,A_96.0
UserID_934,voID_934,poID_934,P_46.0,D_12.0,R_43.0,S_29.0,A_1.0
UserID_935,voID_935,poID_935,P_54.0,D_17.0,R_11.0,S_23.0,A_25.0
UserID_936,voID_936,poID_936,P_4.0,D_65.0,R_20.0,S_61.0,A_42.0
UserID_937,voID_937,poID_937,P_13.0,D_47.0,R_23.0,S_74.0,A_14.0
UserID_938,voID_938,poID_938,P_17.0,D_80.0,R_83.0,S_22.0,A_47.0
UserID_939,voID_939,poID_939,P_70.0,D_69.0,R_85.0,S_57.0,A_5.0
UserID_940,voID_940,poID_940,P_84.0,D_19.0,R_98.0,S_13.0,A_48.0
UserID_941,voID_941,poID_941,P_27.0,D_30.0,R_61.0,S_18.0,A_96.0
UserID_942,voID_942,poID_942,P_84.0,D_8.0,R_94.0,S_31.0,A_8.0
UserID_943,voID_943,poID_943,P_6.0,D_38.0,R_23.0,S_59.0,A_49.0
UserID_944,voID_944,poID_944,P_7.0,D_10.0,R_9.0,S_36.0,A_11.0
UserID_945,voID_945,poID_945,P_26.0,D_23.0,R_9.0,S_66.0,A_52.0
UserID_946,voID_946,poID_946,P_40.0,D_12.0,R_76.0,S_52.0,A_4.0
UserID_947,voID_947,poID_947,P_83.0,D_25.0,R_14.0,S_28.0,A_18.0
UserID_948,voID_948,poID_948,P_46.0,D_48.0,R_40.0,S_15.0,A_36.0
UserID_949,voID_949,poID_949,P_48.0,D_94.0,R_55.0,S_16.0,A_80.0
UserID_950,voID_950,poID_950,P_49.0,D_22.0,R_20.0,S_18.0,A_95.0
UserID_951,voID_951,poID_951,P_84.0,D_86.0,R_61.0,S_64.0,A_73.0
UserID_952,voID_952,poID_952,P_50.0,D_26.0,R_96.0,S_59.0,A_16.0
UserID_953,voID_953,poID_953,P_16.0,D_44.0,R_71.0,S_23.0,A_36.0
UserID_954,voID_954,poID_954,P_34.0,D_58.0,R_27.0,S_45.0,A_58.0
UserID_955,voID_955,poID_955,P_21.0,D_60.0,R_39.0,S_85.0,A_91.0
UserID_956,voID_956,poID_956,P_39.0,D_6.0,R_56.0,S_68.0,A_64.0
UserID_957,voID_957,poID_957,P_20.0,D_9.0,R_90.0,S_30.0,A_12.0
UserID_958,voID_958,poID_958,P_27.0,D_32.0,R_17.0,S_52.0,A_55.0
UserID_959,voID_959,poID_959,P_25.0,D_76.0,R_11.0,S_5.0,A_74.0
UserID_960,voID_960,poID_960,P_52.0,D_12.0,R_3.0,S_5.0,A_12.0
UserID_961,voID_961,poID_961,P_45.0,D_52.0,R_48.0,S_68.0,A_69.0
UserID_962,voID_962,poID_962,P_80.0,D_49.0,R_1.0,S_41.0,A_69.0
UserID_963,voID_963,poID_963,P_88.0,D_37.0,R_90.0,S_34.0,A_51.0
UserID_964,voID_964,poID_964,P_31.0,D_51.0,R_23.0,S_37.0,A_7.0
UserID_965,voID_965,poID_965,P_37.0,D_97.0,R_99.0,S_68.0,A_16.0
UserID_966,voID_966,poID_966,P_10.0,D_66.0,R_93.0,S_5.0,A_23.0
UserID_967,voID_967,poID_967,P_61.0,D_80.0,R_85.0,S_39.0,A_13.0
UserID_968,voID_968,poID_968,P_45.0,D_91.0,R_84.0,S_48.0,A_19.0
UserID_969,voID_969,poID_969,P_77.0,D_26.0,R_16.0,S_83.0,A_45.0
UserID_970,voID_970,poID_970,P_67.0,D_34.0,R_38.0,S_14.0,A_39.0
UserID_971,voID_971,poID_971,P_35.0,D_36.0,R_72.0,S_69.0,A_76.0
UserID_972,voID_972,poID_972,P_25.0,D_83.0,R_77.0,S_83.0,A_29.0
UserID_973,voID_973,poID_973,P_87.0,D_88.0,R_93.0,S_38.0,A_34.0
UserID_974,voID_974,poID_974,P_46.0,D_80.0,R_55.0,S_17.0,A_42.0
UserID_975,voID_975,poID_975,P_78.0,D_28.0,R_56.0,S_84.0,A_76.0
UserID_976,voID_976,poID_976,P_74.0,D_38.0,R_36.0,S_15.0,A_34.0
UserID_977,voID_977,poID_977,P_78.0,D_15.0,R_39.0,S_75.0,A_18.0
UserID_978,voID_978,poID_978,P_59.0,D_2.0,R_48.0,S_27.0,A_83.0
UserID_979,voID_979,poID_979,P_98.0,D_64.0,R_3.0,S_55.0,A_76.0
UserID_980,voID_980,poID_980,P_79.0,D_47.0,R_98.0,S_34.0,A_66.0
UserID_981,voID_981,poID_981,P_35.0,D_8.0,R_96.0,S_79.0,A_84.0
UserID_982,voID_982,poID_982,P_12.0,D_83.0,R_91.0,S_37.0,A_23.0
UserID_983,voID_983,poID_983,P_3.0,D_99.0,R_5.0,S_33.0,A_93.0
UserID_984,voID_984,poID_984,P_1.0,D_40.0,R_94.0,S_66.0,A_91.0
UserID_985,voID_985,poID_985,P_28.0,D_65.0,R_45.0,S_70.0,A_87.0
UserID_986,voID_986,poID_986,P_25.0,D_6.0,R_9.0,S_71.0,A_28.0
UserID_987,voID_987,poID_987,P_38.0,D_80.0,R_79.0,S_4.0,A_66.0
UserID_988,voID_988,poID_988,P_47.0,D_68.0,R_75.0,S_83.0,A_36.0
UserID_989,voID_989,poID_989,P_83.0,D_52.0,R_79.0,S_90.0,A_14.0
UserID_990,voID_990,poID_990,P_4.0,D_28.0,R_2.0,S_35.0,A_86.0
UserID_991,voID_991,poID_991,P_92.0,D_13.0,R_72.0,S_11.0,A_86.0
UserID_992,voID_992,poID_992,P_59.0,D_48.0,R_2.0,S_70.0,A_4.0
UserID_993,voID_993,poID_993,P_42.0,D_36.0,R_94.0,S_82.0,A_24.0
UserID_994,voID_994,poID_994,P_21.0,D_54.0,R_47.0,S_78.0,A_2.0
UserID_995,voID_995,poID_995,P_69.0,D_1.0,R_40.0,S_69.0,A_85.0
UserID_996,voID_996,poID_996,P_68.0,D_69.0,R_84.0,S_94.0,A_33.0
UserID_997,voID_997,poID_997,P_74.0,D_89.0,R_90.0,S_94.0,A_43.0
UserID_998,voID_998,poID_998,P_78.0,D_64.0,R_20.0,S_92.0,A_45.0
UserID_999,voID_999,poID_999,P_78.0,D_52.0,R_11.0,S_6.0,A_24.0
UserID_1000,voID_1000,poID_1000,P_91.0,D_24.0,R_44.0,S_47.0,A_5.0
